mean_fit_time,std_fit_time,mean_score_time,std_score_time,param_final_estimator__C,params,split0_test_score,split1_test_score,split2_test_score,split3_test_score,split4_test_score,mean_test_score,std_test_score,rank_test_score,split0_train_score,split1_train_score,split2_train_score,split3_train_score,split4_train_score,mean_train_score,std_train_score
33.846026515960695,1.0068051145017238,0.7170552253723145,0.04201575566637609,0.0745934328572655,{'final_estimator__C': np.float64(0.0745934328572655)},0.9819405519135005,0.9844157954166971,0.9793711749348109,0.9750833617236139,0.9815315465479995,0.9804684861073245,0.003133112907619458,11,0.9999892036248182,0.9999846310423882,0.999989180660568,0.9999910854738481,0.9999974348514492,0.9999903071306143,4.150056863403798e-06
33.53139352798462,0.6201114137373346,0.7392195701599121,0.03439438067741357,56.69849511478853,{'final_estimator__C': np.float64(56.69849511478853)},0.9820404714904264,0.9848203478501044,0.9794695584369544,0.9745263972693293,0.9806257678588417,0.9802965085811313,0.0033939054531320675,25,0.999995706853163,0.9999968245955347,0.9999983745593342,0.9999987555219902,0.9999979428016573,0.999997520866336,1.1141483344388942e-06
33.70924701690674,0.3267776448637037,0.7536710262298584,0.065032318578926,4.5705630998014515,{'final_estimator__C': np.float64(4.5705630998014515)},0.9820997733531548,0.9848471555414747,0.9794345957047876,0.974565425435469,0.9808152170819778,0.9803524334233729,0.0034000523523486314,19,0.999995706853163,0.9999968245955347,0.9999983745593342,0.9999987555219902,0.9999979428016573,0.999997520866336,1.1141483344388942e-06
34.38571138381958,1.5502409094403755,0.740989351272583,0.07888042386980186,0.9846738873614566,{'final_estimator__C': np.float64(0.9846738873614566)},0.9821712605301425,0.9848772126499808,0.9795801382410168,0.9747215381000276,0.9809973485239629,0.9804694996090261,0.0033595408648467787,10,0.999995706853163,0.9999967737890633,0.9999983745593342,0.9999987555219902,0.9999979428016573,0.9999975107050417,1.1206647776113697e-06
33.36275100708008,0.8860166830088416,0.7219200134277344,0.04618302460517835,0.006026889128682512,{'final_estimator__C': np.float64(0.006026889128682512)},0.9812939179034761,0.9837732231780923,0.9790996039454224,0.9747402390963028,0.9810632085543235,0.9799940385355235,0.0030171996701074603,41,0.9999261019872849,0.9999440874781761,0.9999607354489154,0.9999627926472583,0.9999487224264945,0.9999484879976258,1.3230087312655975e-05
38.0064817905426,4.860531474397851,0.8420349597930908,0.11725267153602816,0.0060252157362038605,{'final_estimator__C': np.float64(0.0060252157362038605)},0.9812914808406242,0.9837732231780923,0.9790996039454224,0.9747402390963028,0.9810632085543235,0.9799935511229532,0.0030169898316853524,42,0.9999260511808136,0.9999440874781761,0.9999606846538946,0.9999627926472583,0.9999487224264945,0.9999484676773275,1.3237897398480784e-05
40.674050664901735,3.465888289601042,0.8666318416595459,0.07750784889702753,0.0019517224641449498,{'final_estimator__C': np.float64(0.0019517224641449498)},0.9811874994922786,0.9836911753954135,0.9790695197340231,0.974672752892353,0.9810014139579358,0.9799244722944007,0.003008474492454838,47,0.9999186334359828,0.999937431830417,0.9999570782074173,0.9999597449460097,0.9999404936331235,0.99994267641059,1.4893498043461664e-05
34.946506309509275,0.3387460691261179,0.7516729831695557,0.05623249627481784,21.42302175774105,{'final_estimator__C': np.float64(21.42302175774105)},0.9820607803475252,0.984825221975808,0.9795053342559159,0.9745247710957402,0.9806460950287061,0.9803124405407392,0.003396520332269807,23,0.999995706853163,0.9999968245955347,0.9999983745593342,0.9999987555219902,0.9999979428016573,0.999997520866336,1.1141483344388942e-06
35.36483516693115,0.3709341578795136,0.7571704387664795,0.06120864795012536,1.0129197956845732,{'final_estimator__C': np.float64(1.0129197956845732)},0.982160699924451,0.9848739632328452,0.9795842036749897,0.9747182857528492,0.9810006008711413,0.9804675506912552,0.0033586222648567827,12,0.999995706853163,0.9999967737890633,0.9999983745593342,0.9999987555219902,0.9999979428016573,0.9999975107050417,1.1206647776113697e-06
35.52314677238464,0.4895420211935197,0.8323509216308593,0.035490997361796464,3.4702669886504163,{'final_estimator__C': np.float64(3.4702669886504163)},0.9820940868731671,0.9848552790843143,0.9794451658331171,0.9745491636995774,0.9808371704254313,0.9803561731831214,0.0034071967887117287,18,0.999995706853163,0.9999968245955347,0.9999983745593342,0.9999987555219902,0.9999979428016573,0.999997520866336,1.1141483344388942e-06
34.83384947776794,0.766623955194449,0.7852915763854981,0.06300443157738493,0.001267425589893723,{'final_estimator__C': np.float64(0.001267425589893723)},0.9811745018237353,0.9836724912468827,0.9790687066472286,0.9746434817677482,0.9809867783956333,0.9799091919762457,0.003011934344900235,50,0.9999173632741967,0.9999362632815737,0.9999559099219387,0.9999589830206976,0.9999388681924576,0.9999414775381729,1.5034829587643822e-05
34.40923938751221,0.28912406353576514,0.7440539836883545,0.054583983106058095,70.72114131472235,{'final_estimator__C': np.float64(70.72114131472235)},0.9820388467818584,0.9848187231415364,0.9794687453501598,0.9745272103561239,0.9806233285984579,0.9802953708456273,0.0033930212425857223,28,0.999995706853163,0.9999968245955347,0.9999983745593342,0.9999987555219902,0.9999979428016573,0.999997520866336,1.1141483344388942e-06
35.10232577323914,1.8411467210781425,0.7371360301971436,0.09038557824795115,14.528246637516036,{'final_estimator__C': np.float64(14.528246637516036)},0.9820729656617844,0.9848357825814995,0.9795020819087376,0.9745353412240696,0.9806688614589542,0.9803230065670091,0.0033975905348658554,21,0.999995706853163,0.9999968245955347,0.9999983745593342,0.9999987555219902,0.9999979428016573,0.999997520866336,1.1141483344388942e-06
34.72901911735535,0.8921648104799459,0.8222432613372803,0.11808180982667085,0.011526449540315618,{'final_estimator__C': np.float64(0.011526449540315618)},0.9813930251261179,0.983895076320685,0.9791256227228489,0.9748004075191015,0.9811534611885215,0.9800735185754551,0.0030402593292320392,35,0.999934231022716,0.9999494729641492,0.9999640879202888,0.9999659419385483,0.9999584750704895,0.9999544417832382,1.1616651343941829e-05
35.38564548492432,1.1864882590773465,0.7854239463806152,0.0344085754072185,0.008111941985431923,{'final_estimator__C': np.float64(0.008111941985431923)},0.9813442838690809,0.98381384089229,0.9791109871605465,0.9747654447869347,0.9811038628940523,0.9800276839205809,0.0030251636276832417,39,0.9999293536014573,0.9999463737693911,0.999962208504519,0.9999642149078408,0.9999526844381174,0.999950967044265,1.2594164074515554e-05
34.49110860824585,1.150908329503141,0.7539900779724121,0.054339974725314426,0.008260808399079604,{'final_estimator__C': np.float64(0.008260808399079604)},0.9813475332862168,0.9838162779551418,0.9791126133341356,0.9747695102209075,0.9811038628940523,0.9800299595380908,0.0030245438410299486,38,0.999929658440286,0.9999465261888054,0.9999623100945606,0.9999642657028617,0.9999528876182007,0.9999511296089431,1.2512820458193719e-05
34.01493601799011,0.7464161026492556,0.7195062160491943,0.06659176743860618,0.033205591037519584,{'final_estimator__C': np.float64(0.033205591037519584)},0.9816440425998586,0.984174526194364,0.9792158753570468,0.9749459500553306,0.9813770600570298,0.9802714908527259,0.003092428666972866,31,0.9999594310325521,0.9999677124873975,0.9999750596447834,0.999977116843126,0.9999848376862889,0.9999728315388297,8.640070855319538e-06
33.56657509803772,0.9518530439196656,0.6975318908691406,0.06166254045445215,0.4205156450913872,{'final_estimator__C': np.float64(0.4205156450913872)},0.9822394982899942,0.9849048326956352,0.9796386804902264,0.9749020433684235,0.9813494151060144,0.9806068939900587,0.003321799798938233,6,0.999995706853163,0.999996621369649,0.9999982221742718,0.9999987555219902,0.9999979428016573,0.9999974497441464,1.1197038066691902e-06
34.521005916595456,0.559296413835088,0.8107719421386719,0.1600228984618416,0.14445251022763064,{'final_estimator__C': np.float64(0.14445251022763064)},0.9821192698559695,0.9846538152218947,0.9795736335466603,0.9750833617236139,0.981555126065042,0.980597041282636,0.0031981415461993755,7,0.9999950971755056,0.9999934205619481,0.9999962411684602,0.9999973840564284,0.9999979428016573,0.9999960171527998,1.6257536308723913e-06
35.09704232215881,1.9751634362593358,0.8691506862640381,0.07939691003184791,0.028585493941961918,{'final_estimator__C': np.float64(0.028585493941961918)},0.9816164225542044,0.984140407314438,0.9791947351003879,0.974923996711877,0.9813429104116577,0.980243694418513,0.0030879290493287413,33,0.9999537407077503,0.999964918131468,0.9999725198937429,0.9999751358373145,0.9999810280597283,0.9999694685260007,9.41405799795922e-06
34.30161366462708,0.9035199599527528,0.6913109302520752,0.025989532146302678,1.1462107403425035,{'final_estimator__C': np.float64(1.1462107403425035)},0.9821631369873028,0.9848650273357216,0.979556558723974,0.9747036501905468,0.9809802737012768,0.9804537293877644,0.003362356281399803,14,0.999995706853163,0.9999967737890633,0.9999983237643134,0.9999987555219902,0.9999979428016573,0.9999975005460374,1.112991718996728e-06
34.71648812294006,0.8088522757770404,0.7964152336120606,0.0885669893584376,0.004982752357076452,{'final_estimator__C': np.float64(0.004982752357076452)},0.9812736090463773,0.9837545390295614,0.979089033817093,0.9747256035340005,0.9810420682976646,0.9799769707449393,0.0030149963647910665,43,0.9999243745672559,0.9999424108646184,0.9999600751136449,0.9999619291319044,0.9999466906256621,0.9999470960606172,1.3615120424913833e-05
35.0474986076355,1.0085063904103386,0.7887149810791015,0.06488828833893631,0.028888383623653185,{'final_estimator__C': np.float64(0.028888383623653185)},0.9816180472627724,0.9841428443772898,0.9791971743607715,0.9749280621458499,0.9813486020192197,0.9802469460331806,0.003087527644316576,32,0.9999540963530504,0.9999652737767681,0.9999727230738262,0.9999752374273562,0.9999812820348323,0.9999697225331665,9.348885703083554e-06
34.960120677948,0.9271718415360749,0.8092543601989746,0.08053853316692458,0.06789053271698488,{'final_estimator__C': np.float64(0.06789053271698488)},0.9818942477193154,0.9843995483310181,0.9793549131989193,0.9750817355500246,0.9815104062913403,0.9804481702181237,0.003124954609679038,15,0.9999866633012461,0.9999828020094164,0.9999876060149229,0.9999897648033071,0.9999968761062202,0.9999887424470225,4.649833294791134e-06
33.97031054496765,1.428716447975025,0.6950088977813721,0.03406022481378147,0.19069966103000435,{'final_estimator__C': np.float64(0.19069966103000435)},0.9821769470101301,0.9847602336330921,0.9796126617127998,0.9750841748104084,0.9815274811140264,0.9806322996560916,0.003226405896601686,2,0.99999560524022,0.9999948939496199,0.9999974602489596,0.9999983999568446,0.9999979428016573,0.9999968604394602,1.367040640406916e-06
33.31990623474121,0.3056704341341142,0.742513370513916,0.07575178017451215,8.43101393208247,{'final_estimator__C': np.float64(8.43101393208247)},0.9820827139131918,0.9848414690614871,0.9794207732292798,0.9745491636995776,0.9807396000100823,0.9803267439827238,0.0034011127581173813,20,0.999995706853163,0.9999968245955347,0.9999983745593342,0.9999987555219902,0.9999979428016573,0.999997520866336,1.1141483344388942e-06
33.506187200546265,0.5861002071436012,0.6744409561157226,0.016853848873350587,0.009962513222055111,{'final_estimator__C': np.float64(0.009962513222055111)},0.9813775903947228,0.9838544586064873,0.9791239965492597,0.9747930897379502,0.9811274424110951,0.9800553155399031,0.0030295125123711688,36,0.9999325036026868,0.9999479995764772,0.9999632751999559,0.9999651800132362,0.9999561384995324,0.9999530193783777,1.1907034026167268e-05
35.16548376083374,0.4928303912036446,0.794180154800415,0.09216975648079964,0.37253938395788866,{'final_estimator__C': np.float64(0.37253938395788866)},0.982258182438525,0.9848958967985119,0.9796281103618968,0.9749483893157143,0.981394134879716,0.9806249427588728,0.0033080843580345137,3,0.999995706853163,0.9999965705631776,0.9999981205842301,0.9999987555219902,0.9999979428016573,0.9999974192648438,1.1139273873118961e-06
34.61184730529785,0.6385411706096462,0.7324497699737549,0.06409947475793726,0.9163741808778786,{'final_estimator__C': np.float64(0.9163741808778786)},0.9821818211358337,0.9848674643985734,0.9795931476297299,0.9747369867491246,0.9810266196485676,0.9804812079123659,0.0033530145570349955,9,0.999995706853163,0.9999967737890633,0.9999983745593342,0.9999987555219902,0.9999979428016573,0.9999975107050417,1.1206647776113697e-06
33.6490665435791,0.6778626310431916,0.6955431938171387,0.05044820220855429,0.0017070728830306638,{'final_estimator__C': np.float64(0.0017070728830306638)},0.981182625366575,0.9836798024354381,0.9790670804736393,0.9746605565904345,0.9809981616107575,0.9799176452953688,0.0030093839436820167,48,0.9999181761777398,0.9999367713462881,0.99995662105223,0.999959389380864,0.9999401380679778,0.9999422192050199,1.492853374262556e-05
33.60905675888061,0.5175869453197549,0.7047452926635742,0.01748132722076868,1.0907475835157696,{'final_estimator__C': np.float64(1.0907475835157696)},0.9821590752158832,0.9848658396900056,0.9795655026787145,0.9747093417981091,0.9809892176560172,0.9804577954077459,0.003360015541699919,13,0.999995706853163,0.9999967737890633,0.9999983745593342,0.9999987555219902,0.9999979428016573,0.9999975107050417,1.1206647776113697e-06
33.21830096244812,0.20630430988443896,0.7203116416931152,0.038158203105941944,0.007122305833333868,{'final_estimator__C': np.float64(0.007122305833333868)},0.9813199132405624,0.9838008432237467,0.9791036693793953,0.9747459307038648,0.981094918939312,0.9800130550973762,0.003026391522257617,40,0.9999277786008426,0.9999450528011335,0.9999614465792068,0.9999634529825288,0.999951211382514,0.9999497884692452,1.2895859745579516e-05
33.35035729408264,0.673416170636423,0.7287353038787842,0.032627624720266375,0.0021147447960615704,{'final_estimator__C': np.float64(0.0021147447960615704)},0.9811891242008465,0.9837001112925369,0.979069519734023,0.9746816968470933,0.9810046663051141,0.9799290236759226,0.0030079610398248803,46,0.9999192939201116,0.9999375842498313,0.9999571797974589,0.9999599481260929,0.99994089999329,0.9999429812173568,1.4724282473832456e-05
33.848887252807614,0.6675937376654411,0.7516379356384277,0.06870004708752901,55.51721685244721,{'final_estimator__C': np.float64(55.51721685244721)},0.9820404714904264,0.9848195354958205,0.9794695584369544,0.9745247710957402,0.9806249547720471,0.9802958582581978,0.0033942260981540415,27,0.999995706853163,0.9999968245955347,0.9999983745593342,0.9999987555219902,0.9999979428016573,0.999997520866336,1.1141483344388942e-06
36.00664629936218,1.9029874287663218,0.8266987323760986,0.04562577593014339,67.32248920775338,{'final_estimator__C': np.float64(67.32248920775338)},0.9820388467818584,0.9848195354958205,0.9794703715237489,0.9745272103561239,0.9806241416852525,0.9802960211685608,0.0033931743717772753,26,0.999995706853163,0.9999968245955347,0.9999983745593342,0.9999987555219902,0.9999979428016573,0.999997520866336,1.1141483344388942e-06
33.80691051483154,1.6477756144980764,0.7259837627410889,0.07450369287768865,11.015056790269638,{'final_estimator__C': np.float64(11.015056790269638)},0.982079464496056,0.9848357825814994,0.9794524836142684,0.9745394066580426,0.9807054503647099,0.9803225175429151,0.003400129173851873,22,0.999995706853163,0.9999968245955347,0.9999983745593342,0.9999987555219902,0.9999979428016573,0.999997520866336,1.1141483344388942e-06
33.879175138473514,1.7701208386558045,0.7376049041748047,0.07093041734976853,0.03334792728637585,{'final_estimator__C': np.float64(0.03334792728637585)},0.9816481043712784,0.9841769632572157,0.979219127704225,0.9749451369685359,0.9813762469702353,0.9802731158542981,0.003093404799041507,30,0.9999597358713808,0.9999678141003403,0.9999750596447834,0.999977116843126,0.9999850916613928,0.9999729636242046,8.604915531391094e-06
32.56170678138733,0.5836051658495682,0.6768666267395019,0.052023703031335994,0.0030786517836196197,{'final_estimator__C': np.float64(0.0030786517836196197)},0.981214307183649,0.9837301684010431,0.9790841552963254,0.9746947062358065,0.9810119840862653,0.979947064240618,0.0030127632664976914,45,0.9999211229530836,0.9999391084439746,0.9999585512630207,0.9999607100514051,0.9999425762289766,0.9999444137880922,1.4418201624513915e-05
33.38100848197937,0.5168534691790005,0.7969851493835449,0.06852874228434362,2.6373339933815254,{'final_estimator__C': np.float64(2.6373339933815254)},0.98211114631313,0.9848577161471661,0.9794711846105436,0.9745784348241822,0.9808631892028579,0.9803763342195759,0.0033989503664942976,17,0.999995706853163,0.9999968245955347,0.9999983745593342,0.9999987555219902,0.9999979428016573,0.999997520866336,1.1141483344388942e-06
32.61381325721741,0.8406253954504078,0.7181765556335449,0.06901314513718776,0.15876781526924,{'final_estimator__C': np.float64(0.15876781526924)},0.9821387663587844,0.9846846846846847,0.9795890821957571,0.975094744938738,0.9815567522386313,0.9806128060833192,0.0032030233793710026,5,0.9999955036272772,0.9999938270137196,0.9999967999136891,0.9999977904165949,0.9999979428016573,0.9999963727545877,1.5423006914661204e-06
32.70666399002075,1.0796934257455226,0.7710219383239746,0.05600211937374663,0.00407559644007287,{'final_estimator__C': np.float64(0.00407559644007287)},0.981246801355007,0.9837391042981666,0.9790898469038875,0.974709341798109,0.9810274327353622,0.9799625054181064,0.0030134182001956516,44,0.9999226979536983,0.9999411407028324,0.9999592115982912,0.9999614719767171,0.9999448620049131,0.9999458768472904,1.4012463906273436e-05
32.782297134399414,0.3737718623522689,0.723448657989502,0.05975165690096591,0.2991469302130217,{'final_estimator__C': np.float64(0.2991469302130217)},0.9822663059813646,0.9848666520442895,0.9796687647016256,0.9750118100856913,0.9814811351667356,0.9806589335959413,0.0032813105408752933,1,0.999995706853163,0.9999962657243489,0.9999979681991676,0.9999987555219902,0.9999979428016573,0.9999973278200655,1.1473623271734809e-06
33.22856364250183,0.9876455618222657,0.7721554279327393,0.04926853491789435,0.0014857392806279248,{'final_estimator__C': np.float64(0.0014857392806279248)},0.9811785635951552,0.9836741159554505,0.9790687066472286,0.9746573042432561,0.9809916569164009,0.9799140694714982,0.0030081990832113853,49,0.9999177189194968,0.9999365681204023,0.9999559607169595,0.9999592369958016,0.9999391221675616,0.9999417213840444,1.4959850359838445e-05
31.841113376617432,1.4009452901040202,0.6948001861572266,0.04948408453465447,35.20481045526041,{'final_estimator__C': np.float64(35.20481045526041)},0.9820453456161301,0.9848203478501044,0.979480128565284,0.9745288365297129,0.9806355249003765,0.9803020366923215,0.003393253577147526,24,0.999995706853163,0.9999968245955347,0.9999983745593342,0.9999987555219902,0.9999979428016573,0.999997520866336,1.1141483344388942e-06
31.808913278579713,0.37798971096366174,0.7105451583862304,0.07398510814900831,0.01967432802530612,{'final_estimator__C': np.float64(0.01967432802530612)},0.981506754725871,0.9840404877375121,0.9791386321115619,0.9748833423721482,0.9812681064265567,0.9801674646747299,0.0030654808009011624,34,0.9999431729616901,0.9999573987736944,0.9999683039070159,0.9999698023601297,0.9999713770057748,0.9999620110016609,1.0622357124597567e-05
31.311347007751465,0.30552867722603355,0.665450143814087,0.03702210941018157,2.0540519425388455,{'final_estimator__C': np.float64(2.0540519425388455)},0.9821273933988091,0.9848690891071413,0.9794833809124623,0.974597948907252,0.98089733884823,0.980395030234779,0.0033972887799962347,16,0.999995706853163,0.9999968245955347,0.9999983745593342,0.9999987555219902,0.9999979428016573,0.999997520866336,1.1141483344388942e-06
31.858624839782713,0.4455568843899317,0.6724191665649414,0.040867547944795045,0.03618723330959624,{'final_estimator__C': np.float64(0.03618723330959624)},0.9816732873540809,0.9841915856343268,0.979223193138198,0.9749613987044276,0.9813900694457431,0.9802879068553553,0.0030944483803319505,29,0.9999622253884816,0.9999696431333124,0.999976227930262,0.9999779295634589,0.9999871742572459,0.9999746400545522,8.361119671510474e-06
31.843474054336546,0.4254257232592167,0.7108547210693359,0.09949998098399802,0.39841905944346884,{'final_estimator__C': np.float64(0.39841905944346884)},0.9822451847699818,0.9848967091527957,0.9796354281430482,0.9749272490590554,0.9813599852343439,0.980612911271845,0.0033122677617616475,4,0.999995706853163,0.999996621369649,0.999998171379251,0.9999987555219902,0.9999979428016573,0.9999974395851421,1.1128590182038221e-06
32.44513511657715,0.7006841196321275,0.6847925186157227,0.029180354278367654,0.5414413211338525,{'final_estimator__C': np.float64(0.5414413211338525)},0.9821980682215128,0.9849015832784993,0.9796216056675402,0.9748532581607487,0.9812990037247505,0.9805747038106103,0.003332420882796503,8,0.999995706853163,0.9999967229825919,0.9999982221742718,0.9999987555219902,0.9999979428016573,0.999997470066735,1.1053140806500936e-06
33.67570266723633,0.8321818368221158,0.777564525604248,0.07517523957109232,0.008399864445957504,{'final_estimator__C': np.float64(0.008399864445957504)},0.9813483456405008,0.9838211520808454,0.9791101740737518,0.9747735756548805,0.9811054890676415,0.980031747303524,0.003024685353148562,37,0.9999297600532289,0.9999465261888054,0.9999623608895813,0.9999643164978824,0.9999530907982839,0.9999512108855564,1.2503586103609207e-05
