mean_fit_time,std_fit_time,mean_score_time,std_score_time,param_activation,param_alpha,param_batch_size,param_hidden_layer_sizes,param_learning_rate_init,param_solver,params,split0_test_score,split1_test_score,split2_test_score,split3_test_score,split4_test_score,mean_test_score,std_test_score,rank_test_score,split0_train_score,split1_train_score,split2_train_score,split3_train_score,split4_train_score,mean_train_score,std_train_score
0.7047493934631348,0.05336019606438901,0.0034557342529296874,0.0001348677741579616,relu,0.015352246941973482,128,"(256, 128)",0.0036256176345762273,adam,"{'activation': 'relu', 'alpha': np.float64(0.015352246941973482), 'batch_size': 128, 'hidden_layer_sizes': (256, 128), 'learning_rate_init': np.float64(0.0036256176345762273), 'solver': 'adam'}",0.9739153039423554,0.9785107921266624,0.9750740112254763,0.9637806421922122,0.9687002238427945,0.9719961946659001,0.00517599538987105,31,0.9898182053000091,0.9873145640002008,0.9887557602188534,0.99379150238922,0.9954235464077786,0.9910207156632124,0.0030781095540641256
0.9530404090881348,0.23793989588418882,0.003387928009033203,3.397376912637865e-05,relu,4.207988669606632e-05,128,"(256, 128)",0.0008288916866885145,adam,"{'activation': 'relu', 'alpha': np.float64(4.207988669606632e-05), 'batch_size': 128, 'hidden_layer_sizes': (256, 128), 'learning_rate_init': np.float64(0.0008288916866885145), 'solver': 'adam'}",0.9726220359223064,0.9773117572035516,0.9749756277233326,0.9661101358586724,0.9680440627995717,0.9718127239014869,0.004186182764229113,36,0.9882304522609187,0.9965439151832701,0.9930503776381219,0.9917814418258089,0.9974830813214568,0.9934178536459152,0.0033472481885773193
1.3516245365142823,0.25845310223236234,0.0033825397491455077,1.9659111845945333e-05,relu,0.002537815508265664,256,"(256, 128)",0.00010994335574766199,adam,"{'activation': 'relu', 'alpha': np.float64(0.002537815508265664), 'batch_size': 256, 'hidden_layer_sizes': (256, 128), 'learning_rate_init': np.float64(0.00010994335574766199), 'solver': 'adam'}",0.9722020487575042,0.9753361115849845,0.9732746501490794,0.9631732663566639,0.970544304692893,0.9709060763082249,0.004167544304043478,46,0.9868805243146562,0.983324274539475,0.9851788764436009,0.9833390045974066,0.9917936834258234,0.9861032726641923,0.0031369861861064298
4.262384128570557,0.9015818449984345,0.012121438980102539,4.028441551941619e-05,tanh,0.007726718477963434,64,"(512, 256, 128)",0.00010035927878780911,adam,"{'activation': 'tanh', 'alpha': np.float64(0.007726718477963434), 'batch_size': 64, 'hidden_layer_sizes': (512, 256, 128), 'learning_rate_init': np.float64(0.00010035927878780911), 'solver': 'adam'}",0.9727983168019237,0.9772418947351318,0.9740836715096827,0.9684550781742299,0.9712622603325037,0.9727682443106943,0.0029194585475374197,17,0.9970233250478139,0.9853349914533354,0.990705984247753,0.993315248274125,0.991693820414915,0.9916146738875884,0.0038055709985901163
1.1092673778533935,0.465073531702072,0.006867885589599609,4.257037004050109e-05,tanh,5.415244119402538e-05,256,"(512,)",0.0011207606211860567,adam,"{'activation': 'tanh', 'alpha': np.float64(5.415244119402538e-05), 'batch_size': 256, 'hidden_layer_sizes': (512,), 'learning_rate_init': np.float64(0.0011207606211860567), 'solver': 'adam'}",0.9763881103827,0.9739640451993924,0.9759854815221961,0.9649181506178242,0.9740169983925274,0.973054557222928,0.004187062639725298,11,0.9967056829883474,0.9767717131108944,0.9953710497537737,0.9905286334326022,0.9982294125621878,0.991521298369561,0.007813230760662579
0.9120244026184082,0.2291308104758175,0.005556774139404297,1.3553755469891174e-05,tanh,1.2366582530130825e-05,128,"(256, 128)",0.0006305535040199287,adam,"{'activation': 'tanh', 'alpha': np.float64(1.2366582530130825e-05), 'batch_size': 128, 'hidden_layer_sizes': (256, 128), 'learning_rate_init': np.float64(0.0006305535040199287), 'solver': 'adam'}",0.9694676642377273,0.9774189879690331,0.9714069897819383,0.9676224772965838,0.970452425885106,0.9712737090340777,0.0033181324254540896,40,0.9808515743807759,0.9948255895125687,0.9810928741747904,0.9960103304881519,0.9974138985031165,0.9900388534118807,0.007448480537312995
2.5131069660186767,0.5031632025727292,0.012126827239990234,4.592726591875791e-05,tanh,0.00014742753159914678,256,"(512, 256, 128)",0.00015177941306507495,adam,"{'activation': 'tanh', 'alpha': np.float64(0.00014742753159914678), 'batch_size': 256, 'hidden_layer_sizes': (512, 256, 128), 'learning_rate_init': np.float64(0.00015177941306507495), 'solver': 'adam'}",0.9755018318589103,0.9775977059115022,0.9746926735188202,0.9657662001445668,0.9714948031557524,0.9730106429179104,0.004119614483665317,12,0.9919694021074117,0.9963150828358872,0.9877556570541662,0.9856536321055822,0.9910307930083092,0.9905449134222714,0.003667824588337244
1.999274444580078,0.5058181855980078,0.01092534065246582,0.0004319492347683064,tanh,6.290644294586152e-05,128,"(512, 256)",0.0015304852121831463,adam,"{'activation': 'tanh', 'alpha': np.float64(6.290644294586152e-05), 'batch_size': 128, 'hidden_layer_sizes': (512, 256), 'learning_rate_init': np.float64(0.0015304852121831463), 'solver': 'adam'}",0.9760063038692434,0.9790331359312424,0.9755870689928539,0.9711813581964432,0.9713151109741511,0.9746245955927868,0.003002641268330947,1,0.9940363617851605,0.997405237293657,0.9939482304259228,0.9987329436034568,0.9919192487172607,0.9952084043650915,0.0024911330273831157
1.0396923542022705,0.060782016976465715,0.003904867172241211,2.4235996177576838e-05,relu,0.027527173929429397,128,"(256, 128, 64)",0.0007961566078062948,adam,"{'activation': 'relu', 'alpha': np.float64(0.027527173929429397), 'batch_size': 128, 'hidden_layer_sizes': (256, 128, 64), 'learning_rate_init': np.float64(0.0007961566078062948), 'solver': 'adam'}",0.9721443716033435,0.9777894215225144,0.9743593079330439,0.9652474507696273,0.9720046085759516,0.9723090320808963,0.004104242119090765,23,0.9947189467290083,0.9910434541653482,0.9958276461958163,0.9922178218495696,0.9957792639384965,0.9939174265756477,0.00194454033433557
2.2236773490905763,0.4705623160967086,0.01569528579711914,0.0006029011703515431,tanh,0.06245139574743072,256,"(512, 256, 128)",0.004138040112561018,adam,"{'activation': 'tanh', 'alpha': np.float64(0.06245139574743072), 'batch_size': 256, 'hidden_layer_sizes': (512, 256, 128), 'learning_rate_init': np.float64(0.004138040112561018), 'solver': 'adam'}",0.9688575861704807,0.9764035451140951,0.9746593369602427,0.9647872436438972,0.9707443240443587,0.971090407186615,0.00414250716941335,44,0.9967931209257022,0.9844289088416064,0.9891817272633486,0.9925684090831858,0.9953252072474945,0.9916594746722674,0.004450581880737927
3.791552782058716,0.5009737056500533,0.008012342453002929,0.0003344328743098506,relu,1.1584172310543976e-05,64,"(512, 256)",0.0003034247005811288,adam,"{'activation': 'relu', 'alpha': np.float64(1.1584172310543976e-05), 'batch_size': 64, 'hidden_layer_sizes': (512, 256), 'learning_rate_init': np.float64(0.0003034247005811288), 'solver': 'adam'}",0.9755985020187004,0.9776009553286379,0.9730567428881332,0.9677842815687046,0.9702963132205474,0.9728673590049446,0.003531285749433489,14,0.9933359945763077,0.9974568058621727,0.9969760708212626,0.9958981242871872,0.9926618719214725,0.9952657734936805,0.0019302827452084433
2.2398061752319336,0.5701268901470224,0.0067046165466308595,0.0001496858905190265,tanh,3.077180271250682e-05,32,"(256, 128)",0.006586289317583112,adam,"{'activation': 'tanh', 'alpha': np.float64(3.077180271250682e-05), 'batch_size': 32, 'hidden_layer_sizes': (256, 128), 'learning_rate_init': np.float64(0.006586289317583112), 'solver': 'adam'}",0.9745684367866514,0.9766911185306136,0.9691319729307145,0.9655954519177059,0.9697946386682939,0.9711563237667958,0.003978742180008127,41,0.9910318194833877,0.9824029499863127,0.9911532852009877,0.9833975712563982,0.9770979727757991,0.985016719740577,0.00540368111938835
1.168533706665039,0.5850378333301438,0.00795745849609375,3.161613752474417e-05,tanh,5.3572800696018346e-05,256,"(512,)",0.0007084541505250236,adam,"{'activation': 'tanh', 'alpha': np.float64(5.3572800696018346e-05), 'batch_size': 256, 'hidden_layer_sizes': (512,), 'learning_rate_init': np.float64(0.0007084541505250236), 'solver': 'adam'}",0.9670143543001973,0.9784912956238475,0.9729347798689467,0.965725545804838,0.9733250615303433,0.9714982074256346,0.0046418311018706915,38,0.9767151655081776,0.9844829669272226,0.9810088592103741,0.9905847619305947,0.9979374935776045,0.9861458494307946,0.007440947007734535
1.7834585189819336,0.3802496324571393,0.00703277587890625,9.187311996277456e-05,tanh,0.0015375920235481753,64,"(256, 128, 64)",0.00869299151113955,adam,"{'activation': 'tanh', 'alpha': np.float64(0.0015375920235481753), 'batch_size': 64, 'hidden_layer_sizes': (256, 128, 64), 'learning_rate_init': np.float64(0.00869299151113955), 'solver': 'adam'}",0.9689542563302708,0.9774254868033045,0.9694515160409827,0.9614104941860229,0.9720802256478472,0.9698643958016856,0.005187432411577697,49,0.980258154794312,0.9843589483304281,0.9916805883119946,0.9933099655919608,0.9899495194003709,0.9879114352858134,0.004872315603672507
3.415066719055176,0.5557496837327489,0.01342759132385254,0.0002844080270191751,tanh,0.0006295301484516129,64,"(512, 256, 128)",0.007133747470888434,adam,"{'activation': 'tanh', 'alpha': np.float64(0.0006295301484516129), 'batch_size': 64, 'hidden_layer_sizes': (512, 256, 128), 'learning_rate_init': np.float64(0.007133747470888434), 'solver': 'adam'}",0.974607429792281,0.9790493830169212,0.9726965454381359,0.9602445277226009,0.968058698361874,0.9709313168663627,0.006403002974466084,45,0.9937458503814448,0.9842719168448449,0.9833151055401165,0.986785294374162,0.9889819758440216,0.9874200285969179,0.003731476621705338
2.530836057662964,0.671133847464003,0.007330131530761719,8.228148139289672e-05,relu,0.04869640941520897,256,"(512, 256, 128)",0.0002465844721448739,adam,"{'activation': 'relu', 'alpha': np.float64(0.04869640941520897), 'batch_size': 256, 'hidden_layer_sizes': (512, 256, 128), 'learning_rate_init': np.float64(0.0002465844721448739), 'solver': 'adam'}",0.9735741151430962,0.9790087653027238,0.9707735951689634,0.9673143174014396,0.9705784543382652,0.9722498494708978,0.003918392222692623,25,0.9976240607661657,0.9910940574109062,0.9977030491590655,0.9965174171808774,0.9914765193158988,0.9948830207665826,0.002969767920122846
2.762379455566406,0.17821376309941045,0.0038935184478759766,0.0002557558049302153,relu,0.06993395623207713,32,"(256, 128, 64)",0.00034889766548903674,adam,"{'activation': 'relu', 'alpha': np.float64(0.06993395623207713), 'batch_size': 32, 'hidden_layer_sizes': (256, 128, 64), 'learning_rate_init': np.float64(0.00034889766548903674), 'solver': 'adam'}",0.975226443756651,0.9774368597632799,0.9751268618671237,0.9660849301680408,0.9725875918076627,0.9732925374725516,0.003917312808446947,8,0.9936255914635372,0.989929217440114,0.994312633905199,0.9964835369019984,0.9957700192447095,0.9940241997911116,0.0022850465151287047
4.359976673126221,0.9808514018690325,0.006518173217773438,9.771921039337136e-05,relu,0.002223333760592036,32,"(512, 256)",0.0016370746946375722,adam,"{'activation': 'relu', 'alpha': np.float64(0.002223333760592036), 'batch_size': 32, 'hidden_layer_sizes': (512, 256), 'learning_rate_init': np.float64(0.0016370746946375722), 'solver': 'adam'}",0.9744327736212316,0.9774579809746626,0.9766424556522135,0.9653807970039378,0.970137761295605,0.9728103537095301,0.004500194527288547,16,0.994825386286683,0.9950103218427386,0.9924420056739054,0.9980667161105399,0.9894238417300295,0.9939536543287792,0.002884372510534713
1.4185025691986084,0.13686311192935116,0.003849506378173828,0.00015587944544768792,relu,3.661819220392426e-05,128,"(256, 128, 64)",0.00014096175149815865,adam,"{'activation': 'relu', 'alpha': np.float64(3.661819220392426e-05), 'batch_size': 128, 'hidden_layer_sizes': (256, 128, 64), 'learning_rate_init': np.float64(0.00014096175149815865), 'solver': 'adam'}",0.9726618412822201,0.9776440101056874,0.9723347218145495,0.9636416043503397,0.9707727820821689,0.9714109919269932,0.004517501782021915,39,0.9879423795678319,0.9899901343993751,0.988303938508767,0.9878595074742079,0.9939858949338519,0.9896163709768068,0.002317055644325014
3.9495925426483156,0.41211508545011116,0.0064432621002197266,0.00015837448309458552,relu,0.0004938623547724716,32,"(512, 256)",0.0003863459370720673,adam,"{'activation': 'relu', 'alpha': np.float64(0.0004938623547724716), 'batch_size': 32, 'hidden_layer_sizes': (512, 256), 'learning_rate_init': np.float64(0.0003863459370720673), 'solver': 'adam'}",0.9763881103827001,0.9787609972461191,0.9735584174403866,0.968894145043301,0.9695092452033978,0.9734221830631811,0.0038244589827620746,5,0.9950465976633495,0.9856465367362289,0.994922428129998,0.9967175495628605,0.989630526669697,0.9923927277524267,0.004130068794701859
1.798922634124756,0.26058378452036557,0.003361034393310547,9.483443568027472e-05,relu,0.018274508859816022,32,"(256, 128)",0.003804968634158323,adam,"{'activation': 'relu', 'alpha': np.float64(0.018274508859816022), 'batch_size': 32, 'hidden_layer_sizes': (256, 128), 'learning_rate_init': np.float64(0.003804968634158323), 'solver': 'adam'}",0.9735440580345902,0.975801590589688,0.9738137266938834,0.9663890246292121,0.9711459889208793,0.9721388777736506,0.003232390913880034,29,0.990735820980756,0.9879655981252818,0.9822037612798598,0.9861101269575829,0.9910990107212543,0.987622863612947,0.0032725100923691065
1.6133888721466065,0.3911948535532879,0.003955364227294922,4.414569638811338e-05,relu,1.97778285124627e-05,128,"(512,)",0.0001705053926026929,adam,"{'activation': 'relu', 'alpha': np.float64(1.97778285124627e-05), 'batch_size': 128, 'hidden_layer_sizes': (512,), 'learning_rate_init': np.float64(0.0001705053926026929), 'solver': 'adam'}",0.9745765603294909,0.979103810753946,0.975231750063624,0.9651677682637588,0.9722054410142119,0.9732570660850064,0.0046123208828262345,9,0.9870947752047349,0.9926555435042604,0.9860295914520921,0.9839438209101666,0.9924752510150243,0.9884397964172557,0.003518220661323441
1.6342138290405273,0.39808602924239733,0.00393972396850586,1.1850722525410285e-05,relu,0.02512779099948727,256,"(512,)",0.00015517445651473896,adam,"{'activation': 'relu', 'alpha': np.float64(0.02512779099948727), 'batch_size': 256, 'hidden_layer_sizes': (512,), 'learning_rate_init': np.float64(0.00015517445651473896), 'solver': 'adam'}",0.9736464146743679,0.9727195184363805,0.976326977975918,0.9659922382734589,0.9721347024630838,0.9721639703646417,0.003403763821959271,28,0.985726353702867,0.9757023893064165,0.9895235269583653,0.9880093019905705,0.9900545635034016,0.9858032270923243,0.005269043410816
0.8757075309753418,0.42025883580733636,0.003580141067504883,2.5559272326554367e-05,relu,0.00017535949529764417,256,"(256, 128, 64)",0.002878805718308925,adam,"{'activation': 'relu', 'alpha': np.float64(0.00017535949529764417), 'batch_size': 256, 'hidden_layer_sizes': (256, 128, 64), 'learning_rate_init': np.float64(0.002878805718308925), 'solver': 'adam'}",0.9746854158035402,0.9771777187466999,0.9719159821153428,0.9672866724504241,0.9699580691140037,0.9722047716460022,0.0034699443701741877,26,0.9971521702593955,0.980355804832427,0.9946725166276231,0.9922706994662306,0.9965209220373131,0.9921944226445978,0.0061578810974566665
0.8239106655120849,0.323669664424063,0.00412135124206543,3.05865670279977e-05,tanh,0.00012557036943140686,128,"(256,)",0.000583248659760873,adam,"{'activation': 'tanh', 'alpha': np.float64(0.00012557036943140686), 'batch_size': 128, 'hidden_layer_sizes': (256,), 'learning_rate_init': np.float64(0.000583248659760873), 'solver': 'adam'}",0.968588696902493,0.979381635919057,0.9715265135407409,0.9686404619633933,0.9716135138277606,0.9719501644306889,0.003943936524655842,32,0.9811819180581036,0.9980295980212301,0.9844759749456609,0.9975836046676357,0.988292128666429,0.9899126448718117,0.006828434607908681
2.195616436004639,0.31564718320832513,0.003625154495239258,1.839071347778024e-05,relu,0.007128188058401363,32,"(256, 128, 64)",0.0013260331922696556,adam,"{'activation': 'relu', 'alpha': np.float64(0.007128188058401363), 'batch_size': 32, 'hidden_layer_sizes': (256, 128, 64), 'learning_rate_init': np.float64(0.0013260331922696556), 'solver': 'adam'}",0.9747447176662687,0.9771834052266875,0.9731364253940016,0.9655027600231242,0.9703516031225786,0.9721837822865321,0.004011361051466219,27,0.9872141196061563,0.9876379471909407,0.9960465727354982,0.9956444031582516,0.9963041796835256,0.9925694444748745,0.004206975370381925
0.6402147293090821,0.1498112436740926,0.0026312828063964843,3.182815700952159e-05,relu,0.00010574827482766085,128,"(256,)",0.0026383097314635357,adam,"{'activation': 'relu', 'alpha': np.float64(0.00010574827482766085), 'batch_size': 128, 'hidden_layer_sizes': (256,), 'learning_rate_init': np.float64(0.0026383097314635357), 'solver': 'adam'}",0.9744758283982811,0.9769047677072924,0.9754529096717487,0.9620154307611875,0.96664717968649,0.9710992232449998,0.005768819153052264,43,0.9932800058447766,0.9962640223320861,0.9910094337020595,0.9979070673601407,0.9980062700357785,0.9952933598549683,0.0027400420387341928
2.892200469970703,0.38607428528180643,0.005914926528930664,6.956921772942856e-05,tanh,1.263794633808287e-05,32,"(256, 128)",0.0001155735281626988,adam,"{'activation': 'tanh', 'alpha': np.float64(1.263794633808287e-05), 'batch_size': 32, 'hidden_layer_sizes': (256, 128), 'learning_rate_init': np.float64(0.0001155735281626988), 'solver': 'adam'}",0.9739453610508616,0.9750745335055525,0.9735120714930957,0.9664313051425302,0.9726981716117251,0.972332288560753,0.0030485824139163506,22,0.9914182026987178,0.9830327978128015,0.9901748207151645,0.9940722464692254,0.9933808754410087,0.9904157886273837,0.003942914572618379
4.0317729949951175,0.43457353977037916,0.006694793701171875,0.00010479205816001326,relu,0.00079704142308987,32,"(512, 256)",0.006533305220227739,adam,"{'activation': 'relu', 'alpha': np.float64(0.00079704142308987), 'batch_size': 32, 'hidden_layer_sizes': (512, 256), 'learning_rate_init': np.float64(0.006533305220227739), 'solver': 'adam'}",0.9744327736212317,0.9791655496795263,0.97097198834684,0.9646636544511217,0.9701759763749501,0.9718819884947341,0.00480415845453424,34,0.9906296862619098,0.9835929899669412,0.9891209256234417,0.9931508247917696,0.9927825608909122,0.9898553975069948,0.0034578850960326362
1.4892576694488526,0.19199371469218618,0.003505086898803711,3.2933054432966636e-05,relu,0.00261619142051696,128,"(256, 128)",0.00025475484334388116,adam,"{'activation': 'relu', 'alpha': np.float64(0.00261619142051696), 'batch_size': 128, 'hidden_layer_sizes': (256, 128), 'learning_rate_init': np.float64(0.00025475484334388116), 'solver': 'adam'}",0.9739502351765652,0.9769884401985394,0.9741747372306752,0.9664727725690535,0.9685693168688678,0.9720311004087403,0.00389184862304082,30,0.9942190110500012,0.9948995129285195,0.9953824278384346,0.9925755711811199,0.9968183776791643,0.994778980135448,0.001393297959693508
1.3021188735961915,0.29460497456994306,0.0035095691680908205,8.011763953594795e-05,relu,2.0319809838424957e-05,128,"(256, 128)",0.0002101079931010357,adam,"{'activation': 'relu', 'alpha': np.float64(2.0319809838424957e-05), 'batch_size': 128, 'hidden_layer_sizes': (256, 128), 'learning_rate_init': np.float64(0.0002101079931010357), 'solver': 'adam'}",0.973774766651232,0.9737447095427257,0.9745040373824785,0.9664800903502047,0.9706654546252849,0.9718338117103851,0.0029858443505549597,35,0.9950792154180164,0.9799300974081994,0.9940039525637492,0.9935232030893125,0.9888037361160064,0.9902680409190567,0.005598531615003471
1.3020394325256348,0.2276645012647002,0.0043580055236816405,0.00013926628198200896,tanh,0.0031435197447135877,64,"(256,)",0.00016255057858173064,adam,"{'activation': 'tanh', 'alpha': np.float64(0.0031435197447135877), 'batch_size': 64, 'hidden_layer_sizes': (256,), 'learning_rate_init': np.float64(0.00016255057858173064), 'solver': 'adam'}",0.969327126946604,0.977044492644132,0.9730217801559662,0.9669289142608106,0.9692580013838736,0.9711160630782771,0.0035486035467638235,42,0.9822357966952626,0.9858568755280063,0.9868798493053957,0.9899166550219082,0.9806050641924615,0.9850988481486069,0.0033271306426360153
1.8225623607635497,0.5378401295281171,0.011537599563598632,0.0001226503961443822,tanh,0.016394127471631596,256,"(512, 256)",0.006097025297491433,adam,"{'activation': 'tanh', 'alpha': np.float64(0.016394127471631596), 'batch_size': 256, 'hidden_layer_sizes': (512, 256), 'learning_rate_init': np.float64(0.006097025297491433), 'solver': 'adam'}",0.9741996279417379,0.9788787886172918,0.9739999235698413,0.9681615538413879,0.9673057799900967,0.9725091347920711,0.004280866020798089,20,0.9879487303767625,0.9970623952243542,0.9944746192265553,0.9977703271641257,0.9984568726653656,0.9951425889314326,0.0038411697573043197
2.6010334491729736,0.7481953706567932,0.006591653823852539,0.00030871236759574523,relu,0.00019832619693868132,128,"(512, 256)",0.0005159358144956885,adam,"{'activation': 'relu', 'alpha': np.float64(0.00019832619693868132), 'batch_size': 128, 'hidden_layer_sizes': (512, 256), 'learning_rate_init': np.float64(0.0005159358144956885), 'solver': 'adam'}",0.9741192048676269,0.977844661613823,0.972435544577077,0.9645790934244857,0.9696092548791306,0.9717175518724286,0.004454827261327215,37,0.9937507278027033,0.997028608920844,0.997452782091545,0.998408363420494,0.9961897385016454,0.9965660441474464,0.0015787351085583832
2.301972007751465,0.37200730041102514,0.005882358551025391,0.00011064200453133218,tanh,2.7555462077796642e-05,32,"(256, 128)",0.0007148510793512986,adam,"{'activation': 'tanh', 'alpha': np.float64(2.7555462077796642e-05), 'batch_size': 32, 'hidden_layer_sizes': (256, 128), 'learning_rate_init': np.float64(0.0007148510793512986), 'solver': 'adam'}",0.9747812736090463,0.979006328239872,0.9712931576306976,0.9682444886944347,0.9713029146722325,0.9729256325692566,0.0036777590808077932,13,0.9883510160176546,0.9969751605128853,0.9973042574507025,0.9977957754695504,0.995986761598497,0.995282594209858,0.003515980970922528
2.9727711200714113,0.21300964561599806,0.013258600234985351,0.0001480666217929285,tanh,0.00025720264197882334,128,"(512, 256, 128)",0.001050738402418141,adam,"{'activation': 'tanh', 'alpha': np.float64(0.00025720264197882334), 'batch_size': 128, 'hidden_layer_sizes': (512, 256, 128), 'learning_rate_init': np.float64(0.001050738402418141), 'solver': 'adam'}",0.9749770509914784,0.979137117279588,0.9737283525804529,0.9685250036385635,0.9717216543714393,0.9736178357723044,0.003517231621062509,3,0.9980609964205823,0.9982500981072965,0.9977046238047107,0.9990893214694451,0.9973496935968152,0.9980909466797699,0.0005868014847206634
2.2607955932617188,0.5618687259847617,0.0034467697143554686,1.76348538653068e-05,relu,0.0008696007095406228,32,"(256, 128)",0.0003457997441376002,adam,"{'activation': 'relu', 'alpha': np.float64(0.0008696007095406228), 'batch_size': 32, 'hidden_layer_sizes': (256, 128), 'learning_rate_init': np.float64(0.0003457997441376002), 'solver': 'adam'}",0.9722605382659485,0.9772857618664652,0.9741649801891402,0.9677078514100145,0.968170091252731,0.9719178445968598,0.0036263284709459917,33,0.9861942813048645,0.9936053704879027,0.9904786257346165,0.9948251810626613,0.9975617120136674,0.9925330341207426,0.0039010722965938196
1.1411628723144531,0.21014735920882882,0.004376697540283203,7.814347059982392e-05,tanh,0.059106986190885426,64,"(256,)",0.0006422030179057424,adam,"{'activation': 'tanh', 'alpha': np.float64(0.059106986190885426), 'batch_size': 64, 'hidden_layer_sizes': (256,), 'learning_rate_init': np.float64(0.0006422030179057424), 'solver': 'adam'}",0.9756675521328362,0.9784035613611808,0.9749252163420691,0.9675972716059522,0.9707979877728009,0.9734783178429678,0.003818773622075341,4,0.9941788739375604,0.9941470182799651,0.9923447840040791,0.9961780556468596,0.9854187559293662,0.992453497559566,0.0037206633135127547
2.5909634113311766,0.44933763987309416,0.011548948287963868,0.00010063065010619131,tanh,0.07711312991331107,256,"(512, 256)",0.00031883397351001905,adam,"{'activation': 'tanh', 'alpha': np.float64(0.07711312991331107), 'batch_size': 256, 'hidden_layer_sizes': (512, 256), 'learning_rate_init': np.float64(0.00031883397351001905), 'solver': 'adam'}",0.9747105987863427,0.9774181756147491,0.9752211799352944,0.9689185376471382,0.9730973972278619,0.9738731778422773,0.0028367477051073333,2,0.992300152236511,0.9965748563243795,0.989805744093974,0.9975438321663431,0.9937809878199129,0.9940011145282242,0.0028184341987294304
1.2745853424072267,0.5771961856566281,0.004836845397949219,0.000684203324867279,tanh,0.007064515131755319,32,"(256,)",0.009896484985318558,adam,"{'activation': 'tanh', 'alpha': np.float64(0.007064515131755319), 'batch_size': 32, 'hidden_layer_sizes': (256,), 'learning_rate_init': np.float64(0.009896484985318558), 'solver': 'adam'}",0.9690086840672955,0.9694319206492337,0.968373362951375,0.9625683297814992,0.9701426398163725,0.9679049874531552,0.00272969045907189,50,0.9787008348316162,0.9724381751290943,0.9768809510493972,0.988530966854268,0.9784563840172655,0.9790014623763283,0.005268249248290728
3.768322467803955,0.330517041070274,0.0066509246826171875,0.0001425170464484988,relu,0.0027431991397796683,64,"(512, 256)",0.00012675278269816303,adam,"{'activation': 'relu', 'alpha': np.float64(0.0027431991397796683), 'batch_size': 64, 'hidden_layer_sizes': (512, 256), 'learning_rate_init': np.float64(0.00012675278269816303), 'solver': 'adam'}",0.973477444983306,0.9802134867058221,0.9740918023776284,0.9670492511064079,0.9709825584751697,0.9731629087296667,0.0043082052650411096,10,0.9936137535556908,0.9959282423623139,0.9950775053285246,0.9918240080532457,0.994423544833133,0.9941734108265814,0.0013994496961804036
2.063205051422119,0.31678865155896097,0.00352630615234375,0.00012697803758372262,relu,0.00024004075943521644,32,"(256, 128)",0.0022983221528155035,adam,"{'activation': 'relu', 'alpha': np.float64(0.00024004075943521644), 'batch_size': 32, 'hidden_layer_sizes': (256, 128), 'learning_rate_init': np.float64(0.0022983221528155035), 'solver': 'adam'}",0.9730468972128125,0.9729591629501457,0.9744365511785286,0.9648002530326105,0.9678391649273386,0.9706164058602873,0.003675051296616162,47,0.9918235367278965,0.9970421234422482,0.9951325163360596,0.9936941791293521,0.9964281703293179,0.9948241051929747,0.00189039103742037
2.187779760360718,0.36046055273821354,0.007366609573364258,3.912343547409618e-05,relu,0.0009074256288983858,256,"(512, 256, 128)",0.000304867088345807,adam,"{'activation': 'relu', 'alpha': np.float64(0.0009074256288983858), 'batch_size': 256, 'hidden_layer_sizes': (512, 256, 128), 'learning_rate_init': np.float64(0.000304867088345807), 'solver': 'adam'}",0.9751208376997376,0.9772743889064899,0.9732014723375676,0.9648449728063121,0.9708410813729133,0.972256550624604,0.004271083175838308,24,0.9982912513491659,0.9920409884256763,0.9942599594686211,0.9966263725005104,0.9933007208981739,0.9949038585284296,0.002263721095541226
1.0368371963500977,0.18936597983093678,0.006049060821533203,3.9195492316340005e-05,tanh,2.1057814970278994e-05,256,"(256, 128)",0.000305014072224488,adam,"{'activation': 'tanh', 'alpha': np.float64(2.1057814970278994e-05), 'batch_size': 256, 'hidden_layer_sizes': (256, 128), 'learning_rate_init': np.float64(0.000305014072224488), 'solver': 'adam'}",0.9742889869129725,0.9772321464837245,0.9730746307976138,0.9681566753206204,0.9707768475161418,0.9727058574062145,0.0030836900773730906,18,0.9899690497137258,0.9883527434376838,0.9887731321159697,0.9962885348171169,0.9856014656192125,0.9897969851407418,0.003547007656795856
0.8855591773986816,0.27178331936806904,0.007533502578735351,0.0002822893455167734,tanh,0.00029589152820953097,256,"(512,)",0.0018495216589727262,adam,"{'activation': 'tanh', 'alpha': np.float64(0.00029589152820953097), 'batch_size': 256, 'hidden_layer_sizes': (512,), 'learning_rate_init': np.float64(0.0018495216589727262), 'solver': 'adam'}",0.9751094647397622,0.9751687666024906,0.9705199120890559,0.9695120910071787,0.9739966712226629,0.9728613811322301,0.00238189054434367,15,0.9915184438668767,0.9800173829261397,0.9796611657182982,0.9975169616003358,0.9975450004518218,0.9892517909126944,0.007993528245423988
0.9920588493347168,0.3906912392151843,0.0032549381256103517,0.000547200783873632,relu,0.01843858088941883,256,"(256,)",0.0002001866389140702,adam,"{'activation': 'relu', 'alpha': np.float64(0.01843858088941883), 'batch_size': 256, 'hidden_layer_sizes': (256,), 'learning_rate_init': np.float64(0.0002001866389140702), 'solver': 'adam'}",0.9691662807983817,0.9793588899991064,0.9726314984945699,0.9625284885285649,0.9681156144374944,0.9703601544516236,0.0055485949666611795,48,0.9776764239478946,0.9905221797683347,0.9819696978239768,0.9781695953297839,0.9818588376910635,0.9820393469122106,0.004604475256565064
2.13465576171875,0.788562775192516,0.003471517562866211,4.0516738570442384e-05,relu,5.572807500029961e-05,32,"(256, 128)",0.0015197980620034217,adam,"{'activation': 'relu', 'alpha': np.float64(5.572807500029961e-05), 'batch_size': 32, 'hidden_layer_sizes': (256, 128), 'learning_rate_init': np.float64(0.0015197980620034217), 'solver': 'adam'}",0.9729810965158124,0.9783442594984525,0.9714948031557524,0.9668419139737909,0.9727485829929888,0.9724821312273594,0.0036734555436991894,21,0.9926111894546901,0.9944150732233027,0.9976693212652491,0.995156110623225,0.9879337697946291,0.9935570928722193,0.0032471497075918375
1.0146485328674317,0.06599745895016634,0.0035294532775878907,9.326057158758241e-05,relu,7.602635868455898e-05,64,"(256, 128)",0.004159126142111956,adam,"{'activation': 'relu', 'alpha': np.float64(7.602635868455898e-05), 'batch_size': 64, 'hidden_layer_sizes': (256, 128), 'learning_rate_init': np.float64(0.004159126142111956), 'solver': 'adam'}",0.9736512888000713,0.9787049448005265,0.9753033017015469,0.966928101174016,0.9722688617841888,0.9733712996520699,0.0038726986015431507,6,0.9902413215941934,0.9919956182466768,0.9891899560567194,0.9947905896534911,0.9866111182478114,0.9905657207597784,0.0027397433586586173
0.6809290885925293,0.13314936919605252,0.0045950889587402345,0.00020342363860430802,tanh,0.0038079493367685594,256,"(256,)",0.002409214543666477,adam,"{'activation': 'tanh', 'alpha': np.float64(0.0038079493367685594), 'batch_size': 256, 'hidden_layer_sizes': (256,), 'learning_rate_init': np.float64(0.002409214543666477), 'solver': 'adam'}",0.9744912631296763,0.97887635155444,0.9733510803077696,0.9677159822779603,0.9721200669007815,0.9733109488341254,0.0036080551646147114,7,0.9979962181694916,0.998362583635073,0.9923289867526077,0.9982086881936981,0.9954565123762831,0.9964705978254307,0.002328492965120022
0.5612020492553711,0.12046014538942301,0.004407739639282227,1.662623889088761e-05,tanh,0.0011776206216380233,256,"(256,)",0.0022458473505101236,adam,"{'activation': 'tanh', 'alpha': np.float64(0.0011776206216380233), 'batch_size': 256, 'hidden_layer_sizes': (256,), 'learning_rate_init': np.float64(0.0022458473505101236), 'solver': 'adam'}",0.9744425218726391,0.9761208458232805,0.9735714268290997,0.9669175310456867,0.9721615343273049,0.9726427719796021,0.003137147449465245,19,0.994870705659211,0.9853403261328371,0.9939148580972521,0.9983209959847044,0.9966399347710662,0.993817364129014,0.0044995291212008345
