mean_fit_time,std_fit_time,mean_score_time,std_score_time,param_max_depth,param_max_features,param_min_samples_leaf,param_min_samples_split,param_n_estimators,params,split0_test_score,split1_test_score,split2_test_score,split3_test_score,split4_test_score,mean_test_score,std_test_score,rank_test_score,split0_train_score,split1_train_score,split2_train_score,split3_train_score,split4_train_score,mean_train_score,std_train_score
1.6123319149017334,0.18503327674330006,0.038012027740478516,0.006190030500246375,30,sqrt,7,12,171,"{'max_depth': 30, 'max_features': 'sqrt', 'min_samples_leaf': 7, 'min_samples_split': 12, 'n_estimators': 171}",0.9800225834490938,0.9837602255095493,0.9789101547222862,0.9736653383538731,0.9779368898291787,0.9788590383727962,0.0032619921274672967,33,0.9958641754018233,0.9958433447485313,0.9960338231852756,0.9962948841947178,0.9960883516401129,0.9960249158340921,0.00016479799987089146
4.409359359741211,0.23980559912435434,0.08065462112426758,0.0014149212063442836,40,sqrt,7,11,566,"{'max_depth': 40, 'max_features': 'sqrt', 'min_samples_leaf': 7, 'min_samples_split': 11, 'n_estimators': 566}",0.9798121836895507,0.9836229376355615,0.9786450884272544,0.973758030248455,0.9786093126082931,0.9788895105218229,0.0031536328525224575,32,0.9959654835058823,0.9958629560465088,0.9960331120549841,0.9963335392055527,0.9961429054924605,0.9960675992610778,0.00016117749387852548
12.0341872215271,0.31559784835821314,0.05533337593078613,0.00010676468094515203,20,0.3,5,5,459,"{'max_depth': 20, 'max_features': 0.3, 'min_samples_leaf': 5, 'min_samples_split': 5, 'n_estimators': 459}",0.9816895344397599,0.9853670622832029,0.9791036693793953,0.9759850749787988,0.980142387759466,0.9804575457681246,0.003084037915026894,2,0.9980711577148713,0.9981514319397524,0.9981896146633846,0.9982954968842588,0.998239114411162,0.9981893631226859,7.635564471433338e-05
2.025816869735718,0.02808062408387176,0.06621990203857422,0.0014645570344644812,20,log2,5,3,443,"{'max_depth': 20, 'max_features': 'log2', 'min_samples_leaf': 5, 'min_samples_split': 3, 'n_estimators': 443}",0.9783783783783784,0.982226500621451,0.9778149268099923,0.9726123909548972,0.9778271231119108,0.9777718639753259,0.0030606116120327504,43,0.997159435584812,0.997177979946889,0.997273983618301,0.9974504709180981,0.9973529952731677,0.9972829730682534,0.00010892613501175235
1.344193983078003,0.033428841824823016,0.04139275550842285,0.0014590170408247368,30,log2,6,3,291,"{'max_depth': 30, 'max_features': 'log2', 'min_samples_leaf': 6, 'min_samples_split': 3, 'n_estimators': 291}",0.9783605065841315,0.9821070845417103,0.9776173467189101,0.9721375482668649,0.9774783088770378,0.9775401589977311,0.0031852084759953496,45,0.9961937569820793,0.9960867077467473,0.996274337608801,0.9964891243542874,0.9963146942528329,0.9962717241889496,0.00013373560294452607
3.5265471935272217,0.07910400075733509,0.055137014389038085,0.0008404252356670884,30,sqrt,1,13,413,"{'max_depth': 30, 'max_features': 'sqrt', 'min_samples_leaf': 1, 'min_samples_split': 13, 'n_estimators': 413}",0.980232983208637,0.9844044224567218,0.9784609242682828,0.9740686294039829,0.980040345366747,0.9794414609408744,0.0033300128514410334,26,0.9990842387554609,0.999125696836159,0.9992194837102655,0.9992473447791786,0.9992648182663365,0.9991883164694799,7.07978138066718e-05
30.410408639907835,1.0149710579168076,0.06699910163879394,0.0013575884393273987,40,0.5,1,2,574,"{'max_depth': 40, 'max_features': 0.5, 'min_samples_leaf': 1, 'min_samples_split': 2, 'n_estimators': 574}",0.9818930291878895,0.9856980966539128,0.9780869043427779,0.974825206666336,0.9802350796540479,0.9801476633009928,0.0036451756120877486,14,0.999995706853163,0.9999969262084776,0.9999983745593342,0.9999987555219901,0.9999979428016573,0.9999975411889244,1.102124535366452e-06
8.590522050857544,0.18634926396543577,0.04162821769714355,0.006086951581366198,20,0.3,2,13,287,"{'max_depth': 20, 'max_features': 0.3, 'min_samples_leaf': 2, 'min_samples_split': 13, 'n_estimators': 287}",0.9812833572977847,0.9853236013290116,0.9787113550010124,0.9748613890286946,0.9802806125145441,0.9800920630342095,0.0034085196518092047,15,0.9987007515090031,0.9987534886263616,0.9988327812168547,0.9988476387604409,0.9988850746907764,0.9988039469606873,6.71080338485347e-05
17.98474407196045,0.44087200064235116,0.04817938804626465,0.0017562214004390065,20,0.5,7,5,419,"{'max_depth': 20, 'max_features': 0.5, 'min_samples_leaf': 7, 'min_samples_split': 5, 'n_estimators': 419}",0.9813532197662045,0.9849145809470428,0.979597213063703,0.9754874658605182,0.9797825968528664,0.9802270152980668,0.003042995093565694,10,0.9968688225681533,0.996918917748997,0.9970244276810717,0.9971790731219214,0.997095058157505,0.9970172598555298,0.00011313026553009162
6.3123486042022705,0.14510697595765654,0.03442106246948242,0.0005319842811181498,,0.3,5,4,234,"{'max_depth': None, 'max_features': 0.3, 'min_samples_leaf': 5, 'min_samples_split': 4, 'n_estimators': 234}",0.9817585845538956,0.9852273373463635,0.9792687259986942,0.9760781734167777,0.9797236480602596,0.9804112938751981,0.0030187321151590213,3,0.9980842657845038,0.9981362916112622,0.9981845351613038,0.9983011351315685,0.9982393683862661,0.998189119214981,7.599809988335373e-05
3.5923886775970457,0.07999402009024613,0.06460294723510743,0.0019476294128979105,40,sqrt,7,3,487,"{'max_depth': 40, 'max_features': 'sqrt', 'min_samples_leaf': 7, 'min_samples_split': 3, 'n_estimators': 487}",0.9797341976782915,0.9836497453269318,0.9785101160193547,0.9737092450407803,0.9786483407744326,0.9788503289679582,0.0031749932066352043,34,0.9959585230192944,0.9958582310446644,0.9960297087885899,0.9963305930943458,0.9961344735190063,0.9960623058931801,0.00016165777956104888
16.45258173942566,1.0313811937406114,0.05678668022155762,0.01251374635153789,,0.5,6,3,364,"{'max_depth': None, 'max_features': 0.5, 'min_samples_leaf': 6, 'min_samples_split': 3, 'n_estimators': 364}",0.9812321789778958,0.9852724230091227,0.9791772537343044,0.9756037372721427,0.9797488537508913,0.9802068893488712,0.003135914706614876,11,0.9974690502217906,0.997601096241073,0.9976062846444266,0.9977695144437928,0.9977253735707107,0.9976342638243587,0.00010561455723702621
1.2215098857879638,0.008983232715670345,0.034783935546875,0.0006099310297920057,10,sqrt,2,5,191,"{'max_depth': 10, 'max_features': 'sqrt', 'min_samples_leaf': 2, 'min_samples_split': 5, 'n_estimators': 191}",0.9785440986523042,0.9834620914873394,0.9785182468873005,0.9730473923899955,0.9782499282450904,0.9783643515324061,0.0032962430937731905,38,0.9966750466860665,0.9968644024051377,0.9968999290850715,0.9970925184064647,0.9972140200962373,0.9969491833357956,0.00018732225831824678
9.586303806304931,0.25410089929916607,0.049439525604248045,0.0004913687554158631,30,0.3,4,14,363,"{'max_depth': 30, 'max_features': 0.3, 'min_samples_leaf': 4, 'min_samples_split': 14, 'n_estimators': 363}",0.9813385973890932,0.9853516275518079,0.9790288653942945,0.9756338214835419,0.9803285846354242,0.9803362992908322,0.0031616723258712618,7,0.9976021631769734,0.9976855365966127,0.997739672369068,0.997905645099558,0.997819445949247,0.9977504926382919,0.00010503793600443278
0.736935806274414,0.022079668480662618,0.03506813049316406,0.0002176452992965916,20,log2,1,5,149,"{'max_depth': 20, 'max_features': 'log2', 'min_samples_leaf': 1, 'min_samples_split': 5, 'n_estimators': 149}",0.9780867431904403,0.9828170821858828,0.978315788275451,0.9724631895280926,0.9788459208655146,0.9781057448090763,0.0033053735005549013,40,0.9999104535940804,0.999926101987285,0.9999377253044894,0.9999501954820978,0.9999510589974515,0.9999351070730809,1.5348385651379144e-05
0.6782285690307617,0.011231264139541789,0.030693578720092773,0.0003924064867725963,30,log2,6,7,153,"{'max_depth': 30, 'max_features': 'log2', 'min_samples_leaf': 6, 'min_samples_split': 7, 'n_estimators': 153}",0.9780445007676748,0.9816749120626487,0.9773872431560452,0.9720456694590778,0.9777474406060425,0.9773799532102977,0.0030814924392986278,46,0.9961040327535096,0.9960532770885373,0.9962083040817507,0.9965399701701162,0.9962922428536359,0.9962395653895099,0.0001715037278318709
9.915051889419555,0.18364397786696282,0.037113285064697264,0.006533792147892247,10,0.5,6,14,290,"{'max_depth': 10, 'max_features': 0.5, 'min_samples_leaf': 6, 'min_samples_split': 14, 'n_estimators': 290}",0.9808081300416738,0.9847902907415983,0.9784454756191859,0.9748483796399814,0.9790247999603213,0.9795834152005523,0.003244657102972081,22,0.9952307203158618,0.9950144879733969,0.9953687639778374,0.9956414062520238,0.9956195135980557,0.995374978423435,0.00023731145146270924
1.1762762546539307,0.01762657357200763,0.04768738746643066,0.0011098429734070678,10,log2,4,3,301,"{'max_depth': 10, 'max_features': 'log2', 'min_samples_leaf': 4, 'min_samples_split': 3, 'n_estimators': 301}",0.9768284064046011,0.9810234039269206,0.9766392033050353,0.9713512933365097,0.977103475864738,0.976589156567561,0.003079676293739016,50,0.9940147182283254,0.9939106665748085,0.994241724056151,0.9946767072168398,0.9942217362154631,0.9942131104583176,0.0002633047192030058
2.5536929607391357,0.01842996070718701,0.07609219551086426,0.0033389547235737104,30,log2,7,9,561,"{'max_depth': 30, 'max_features': 'log2', 'min_samples_leaf': 7, 'min_samples_split': 9, 'n_estimators': 561}",0.9780924296704278,0.982030723239019,0.9773059344765875,0.9721570623499347,0.9771579526799747,0.9773488204831887,0.0031453391003347236,47,0.9952189840209584,0.9951654340000567,0.9953372710649364,0.9956480603997497,0.9953949996060847,0.9953529498183572,0.0001686495064873732
2.370368766784668,0.06748927237034513,0.048938846588134764,0.0008461526979131567,30,sqrt,6,9,312,"{'max_depth': 30, 'max_features': 'sqrt', 'min_samples_leaf': 6, 'min_samples_split': 9, 'n_estimators': 312}",0.9795335461701558,0.9838796415892899,0.9784735271135988,0.9737791705051139,0.9790882207302983,0.9789508212216914,0.003213269301085065,30,0.9967395200983289,0.9966773329772817,0.9968422259414337,0.9970677304363105,0.9969270790236933,0.9968507776954094,0.0001381483551353164
1.6662526607513428,0.02373337817274707,0.04945664405822754,0.0007387547374545809,40,log2,7,6,379,"{'max_depth': 40, 'max_features': 'log2', 'min_samples_leaf': 7, 'min_samples_split': 6, 'n_estimators': 379}",0.9780558737276501,0.9819592360620315,0.9773173176917116,0.9718846782737516,0.9771270553817808,0.977268832227385,0.0032134370311500756,48,0.9952218291833592,0.9951424186684926,0.9952851553735875,0.9956197167781388,0.9953448649205472,0.995322796984825,0.00016296998636608902
3.1521607875823974,0.08466926424644688,0.06532139778137207,0.00027048927299114006,10,sqrt,4,13,479,"{'max_depth': 10, 'max_features': 'sqrt', 'min_samples_leaf': 4, 'min_samples_split': 13, 'n_estimators': 479}",0.9793775741476373,0.9831111544366729,0.9781157689239854,0.9728115972195684,0.9786889951141614,0.9784210179684051,0.0033028160615525748,37,0.9944074522525863,0.9943933788599962,0.9946973045977773,0.9949832551674157,0.9948232000568499,0.994660918186925,0.00023124998443959762
1.2781107425689697,0.06306529975371367,0.03292703628540039,0.0018492376996434967,40,sqrt,5,14,164,"{'max_depth': 40, 'max_features': 'sqrt', 'min_samples_leaf': 5, 'min_samples_split': 14, 'n_estimators': 164}",0.9803759575626122,0.9841184737487714,0.9780751145842566,0.9740385451925837,0.9791577396512345,0.9791531661478917,0.0032702006673148445,28,0.9966411079631422,0.9965780571320805,0.9967332198267799,0.9970275515748513,0.996796992975404,0.9967553858944516,0.0001554358883123817
6.957584381103516,0.22944440162691418,0.03408923149108887,0.001392498423066991,,0.3,1,9,228,"{'max_depth': None, 'max_features': 0.3, 'min_samples_leaf': 1, 'min_samples_split': 9, 'n_estimators': 228}",0.9818479435251303,0.9856497615740177,0.9782743208489276,0.9752898857694363,0.980335495873178,0.980279481518138,0.0034704424386161068,9,0.9997685003128662,0.999794005161531,0.9998201348313192,0.999827982662034,0.9998271699417011,0.9998075585818904,2.3104779226949182e-05
26.743997955322264,1.388846667979071,0.08298826217651367,0.01628493423008205,30,0.5,7,12,598,"{'max_depth': 30, 'max_features': 0.5, 'min_samples_leaf': 7, 'min_samples_split': 12, 'n_estimators': 598}",0.9812516754807107,0.9849657592669314,0.9796199794939511,0.9754476246075839,0.9795557456371795,0.9801681568972713,0.003070829599082501,13,0.9968783741847846,0.9969357346910449,0.9970291516180068,0.9971899432563744,0.9971089759932065,0.9970284359486834,0.00011285732368272154
18.34243221282959,0.5164114184251956,0.04895596504211426,0.0006035715091332959,,0.5,3,4,388,"{'max_depth': None, 'max_features': 0.5, 'min_samples_leaf': 3, 'min_samples_split': 4, 'n_estimators': 388}",0.981982794336266,0.9852208385120919,0.9786471211442407,0.9755476342833168,0.9801509251708093,0.9803098626893447,0.0032368247959588415,8,0.999494297786484,0.9995265598958508,0.999532431833463,0.9995444956509049,0.9995728900675365,0.9995341350468478,2.552091262772245e-05
1.1374764919281006,0.017035639456444162,0.03507218360900879,0.00035201569782829635,20,sqrt,2,8,140,"{'max_depth': 20, 'max_features': 'sqrt', 'min_samples_leaf': 2, 'min_samples_split': 8, 'n_estimators': 140}",0.9806009796992665,0.9843906124338947,0.9783767697850443,0.9742954806196698,0.9797386901659592,0.9794805065407669,0.003272124306726328,25,0.9992184694530154,0.9992925452883805,0.9993167053800919,0.999383932590131,0.9994034886731422,0.9993230282769522,6.646043935884466e-05
11.12116298675537,0.251648437046379,0.04652318954467773,0.002592114855584204,30,0.3,1,9,367,"{'max_depth': 30, 'max_features': 0.3, 'min_samples_leaf': 1, 'min_samples_split': 9, 'n_estimators': 367}",0.981767520451019,0.9857464317338078,0.9785402002307542,0.9755126715511501,0.9803822483638662,0.9803898144661194,0.003399972806124502,4,0.9997632672463076,0.9997966470980462,0.9998269413641075,0.9998238174703277,0.9998321478537403,0.9998085642065059,2.576975930371447e-05
1.0354334831237793,0.01239560661801983,0.035077571868896484,0.0003948168189965742,10,sqrt,7,8,161,"{'max_depth': 10, 'max_features': 'sqrt', 'min_samples_leaf': 7, 'min_samples_split': 8, 'n_estimators': 161}",0.9792744051535756,0.983027481945426,0.9776327953680071,0.9726473536870641,0.9783897791737575,0.978194363065566,0.0033361171381772955,39,0.9934659575302609,0.993419012350647,0.9936726166430192,0.994031864427683,0.9937913500041575,0.9936761601911535,0.00022365908171223108
8.870209360122681,0.20441838068926182,0.05181784629821777,0.002606669909086745,40,0.3,4,9,313,"{'max_depth': 40, 'max_features': 0.3, 'min_samples_leaf': 4, 'min_samples_split': 9, 'n_estimators': 313}",0.9819754831477104,0.985710688145314,0.9792467726552406,0.9755704007135649,0.9798907373965449,0.9804788164116751,0.0033337308399828806,1,0.9986170732505351,0.9986933337641722,0.9987426708499414,0.9987776940167884,0.9988049201479415,0.9987271384058758,6.648942507356246e-05
6.796716785430908,0.24616818292468257,0.040721464157104495,0.008894235708948118,20,0.3,1,4,200,"{'max_depth': 20, 'max_features': 0.3, 'min_samples_leaf': 1, 'min_samples_split': 4, 'n_estimators': 200}",0.9810209668640688,0.985579899105598,0.9782015495808131,0.9748256132097334,0.9799647282948514,0.9799185514110128,0.0035257460107524165,18,0.9999737584574993,0.9999727931345418,0.9999767866754907,0.9999828566804773,0.9999827042954149,0.9999777798486849,4.290680474036426e-06
2.90667519569397,0.05344899010734626,0.06600971221923828,0.0007266973009841477,20,sqrt,5,11,354,"{'max_depth': 20, 'max_features': 'sqrt', 'min_samples_leaf': 5, 'min_samples_split': 11, 'n_estimators': 354}",0.9800006498834272,0.983781346720932,0.9787841262691269,0.9743377611329876,0.9792053052287173,0.9792218378470381,0.003014688689094695,27,0.997363423567659,0.9973573775975569,0.9974897100716723,0.9976406474760031,0.9975288476352048,0.9974760012696192,0.00010661553117453174
1.1349051952362061,0.06265751307492642,0.033993101119995116,0.002003535713768142,20,sqrt,7,11,141,"{'max_depth': 20, 'max_features': 'sqrt', 'min_samples_leaf': 7, 'min_samples_split': 11, 'n_estimators': 141}",0.9800526405576,0.9837074224810924,0.9786678548575024,0.9735319921195629,0.9774945706129292,0.9786908961257375,0.003318611177864673,35,0.995864378627709,0.9957703866555381,0.9959976063354394,0.9962973223557166,0.9960551316965044,0.9959969651341816,0.00018028600019009324
2.7644484519958494,0.10981156137855415,0.050283050537109374,0.0005141911007923371,30,sqrt,3,8,340,"{'max_depth': 30, 'max_features': 'sqrt', 'min_samples_leaf': 3, 'min_samples_split': 8, 'n_estimators': 340}",0.9809169855157233,0.9841582791086848,0.9791548938474535,0.9742645833214759,0.9803448463713156,0.9797679176329306,0.0032121944013842577,21,0.9988967628758332,0.9989383225694743,0.9990269705814033,0.9990182592353348,0.9990514283839224,0.9989863487291937,5.871271391861733e-05
4.114116573333741,0.07451310233996747,0.06470589637756348,0.0014692966000556954,30,sqrt,4,6,506,"{'max_depth': 30, 'max_features': 'sqrt', 'min_samples_leaf': 4, 'min_samples_split': 6, 'n_estimators': 506}",0.9805749843621799,0.9844109212909934,0.9786369575593086,0.974321499397096,0.9798305689737462,0.9795549863166648,0.0032535706055125675,23,0.9984956457837844,0.9985498054823435,0.9985690534688199,0.99867783100588,0.9986622369344922,0.998590914535064,6.911635546322954e-05
4.04056453704834,0.222013387264419,0.03507542610168457,0.00015105475663574613,40,0.3,3,14,135,"{'max_depth': 40, 'max_features': 0.3, 'min_samples_leaf': 3, 'min_samples_split': 14, 'n_estimators': 135}",0.9812817325892168,0.9848260343300921,0.9784397840116239,0.9755931671438131,0.9797500733810831,0.9799781582911657,0.0030609793711118068,17,0.9980084117226381,0.9980736980384435,0.9981539057637566,0.9983118020859382,0.9982444986833676,0.9981584632588287,0.00011012380944768164
14.664882516860962,0.319965459179464,0.04795675277709961,0.0012457969678508227,40,0.5,7,12,342,"{'max_depth': 40, 'max_features': 0.5, 'min_samples_leaf': 7, 'min_samples_split': 12, 'n_estimators': 342}",0.9813727162690193,0.984843906124339,0.9795386708144934,0.9753655028413318,0.9798338213209244,0.9801909234740217,0.003062173134114396,12,0.9968667903092956,0.9969255225902846,0.9970498251914756,0.9971729269244037,0.9970672224861025,0.9970164575003124,0.00010848280342979188
0.8239859580993653,0.016028005162117588,0.032531356811523436,0.0017636514241164988,30,log2,2,14,161,"{'max_depth': 30, 'max_features': 'log2', 'min_samples_leaf': 2, 'min_samples_split': 14, 'n_estimators': 161}",0.9783613189384155,0.9828260180830064,0.9772376351858431,0.971422031887638,0.9783166013622455,0.9776327210914296,0.0036523316921947633,44,0.9976952406326584,0.9977497559765177,0.9977930071409165,0.9980309056208703,0.9979343442863146,0.9978406507314554,0.00012381540307667742
1.0049028873443604,0.026634377597659496,0.01939382553100586,0.00020028498014574027,,sqrt,6,13,127,"{'max_depth': None, 'max_features': 'sqrt', 'min_samples_leaf': 6, 'min_samples_split': 13, 'n_estimators': 127}",0.9796261545585261,0.9841980844685985,0.9780661706295162,0.9737352638182069,0.978828032956034,0.9788907412861765,0.003345789035859436,31,0.9964449441768976,0.9964302103001789,0.9966010511826375,0.996863432862621,0.9966436428075851,0.996596656265984,0.0001575548288089173
10.622542572021484,0.3520941263345386,0.034278249740600585,0.001029845188434769,30,0.5,4,12,227,"{'max_depth': 30, 'max_features': 0.5, 'min_samples_leaf': 4, 'min_samples_split': 12, 'n_estimators': 227}",0.9814636999488218,0.9845258694221724,0.979144323719124,0.9752789090977095,0.9798923635701341,0.9800610331515923,0.0030212498455158255,16,0.998121049669829,0.9982060997030259,0.9982375651630274,0.9983715370304083,0.9983390790121119,0.9982550661156806,9.087138319078355e-05
7.137480878829956,0.07864049045667829,0.0479273796081543,0.002375123324198511,10,0.3,4,10,330,"{'max_depth': 10, 'max_features': 0.3, 'min_samples_leaf': 4, 'min_samples_split': 10, 'n_estimators': 330}",0.9810429004297354,0.984873963232845,0.9788117712201425,0.9748467534663923,0.9794167077953071,0.9797984192288844,0.0032541681619279337,19,0.9960963101698502,0.9959972883570061,0.9963091829930754,0.9964859750629973,0.9965181283111688,0.9962813769788195,0.0002067079159941002
5.007251834869384,0.18235596195704548,0.08341794013977051,0.013800408877431168,,sqrt,1,12,545,"{'max_depth': None, 'max_features': 'sqrt', 'min_samples_leaf': 1, 'min_samples_split': 12, 'n_estimators': 545}",0.9805140577908837,0.9844279807309564,0.9781438204183982,0.9744239483332128,0.9801834486425921,0.9795386511832087,0.0032673678503229568,24,0.9992308662320478,0.9993146461034587,0.9993655193950881,0.9993784467278838,0.9994005425619352,0.9993380042040826,6.0543993239404175e-05
16.234788513183595,0.9692906178543276,0.045029067993164064,0.006099311659706724,,0.5,5,10,358,"{'max_depth': None, 'max_features': 0.5, 'min_samples_leaf': 5, 'min_samples_split': 10, 'n_estimators': 358}",0.981524626520118,0.9855587778942152,0.9791622116286047,0.9754951901850667,0.9800037564609909,0.9803489125377991,0.0032744774496966463,6,0.9982061505094976,0.9982661529522725,0.9983270659896909,0.9984235511317157,0.9983862675864426,0.9983218376339238,7.875085351571434e-05
2.40590558052063,0.04060363369831801,0.04237060546875,0.000267195751593197,20,sqrt,6,6,324,"{'max_depth': 20, 'max_features': 'sqrt', 'min_samples_leaf': 6, 'min_samples_split': 6, 'n_estimators': 324}",0.9795392326501435,0.984024240651833,0.978462550441872,0.9738238902788156,0.9791345666775892,0.9789968961400506,0.003244465745628052,29,0.9967358620323848,0.9966912031439857,0.9968471022634312,0.9970698638271843,0.99692057726103,0.9968529217056032,0.00013530032111494037
2.6115843296051025,0.05162313067151534,0.08036255836486816,0.00042746566979857536,20,log2,4,9,562,"{'max_depth': 20, 'max_features': 'log2', 'min_samples_leaf': 4, 'min_samples_split': 9, 'n_estimators': 562}",0.9787910543546252,0.982341854929772,0.9780190115954308,0.9724928671960945,0.9785158076269167,0.978032119140568,0.003164403378073061,41,0.9979467834727768,0.9979834657451592,0.9980591730499498,0.9981664267363859,0.998162413929742,0.9980636525868027,8.991631033145872e-05
1.0587146282196045,0.026198541021039228,0.03770451545715332,0.0062412060627030546,20,log2,1,5,212,"{'max_depth': 20, 'max_features': 'log2', 'min_samples_leaf': 1, 'min_samples_split': 5, 'n_estimators': 212}",0.9787008830291066,0.9829251253056484,0.9785800414836883,0.9729099807217121,0.9790894403604901,0.9784410941801293,0.003200215636275635,36,0.9999192939201114,0.9999338245709444,0.9999421952663206,0.9999511097924724,0.999958068710323,0.9999408984520344,1.3546708558314155e-05
1.8142294406890869,0.023506321542719998,0.05501565933227539,0.0006153854935375732,,log2,4,13,394,"{'max_depth': None, 'max_features': 'log2', 'min_samples_leaf': 4, 'min_samples_split': 13, 'n_estimators': 394}",0.9785091674180943,0.9821200822102535,0.9779287589612329,0.972578241309525,0.9779368898291785,0.9778146279456568,0.0030485091557430604,42,0.9968987983863051,0.9969100774229658,0.996940514306697,0.9972081278738235,0.9970818514520952,0.9970078738883774,0.00011964385957010682
4.590035009384155,0.05815653673612268,0.030005598068237306,0.00028403403219755263,10,0.3,1,6,212,"{'max_depth': 10, 'max_features': 0.3, 'min_samples_leaf': 1, 'min_samples_split': 6, 'n_estimators': 212}",0.9808349377330441,0.9855132860543141,0.9779990909689638,0.9750727915952844,0.9795224090786021,0.9797885030860417,0.0034461254217996785,20,0.9969349217875018,0.9969280121073855,0.9972508210888126,0.9973236865461617,0.9976859566345637,0.997224679632885,0.00028115243072733716
7.180487823486328,0.16732260477652627,0.03218188285827637,0.0055155674951726935,,0.3,1,3,229,"{'max_depth': None, 'max_features': 0.3, 'min_samples_leaf': 1, 'min_samples_split': 3, 'n_estimators': 229}",0.9815790542571428,0.9859190570191472,0.9787105419142177,0.9753199699808356,0.9803428136543293,0.9803742873651344,0.003478824442862372,5,0.9999936237878337,0.9999934205619481,0.9999962411684602,0.999997231671366,0.9999965205410747,0.9999954075461366,1.5742310257176619e-06
1.4520016193389893,0.05285204592665814,0.05019392967224121,0.006090638025116279,30,log2,7,6,323,"{'max_depth': 30, 'max_features': 'log2', 'min_samples_leaf': 7, 'min_samples_split': 6, 'n_estimators': 323}",0.9780331278076996,0.9819892931705376,0.9772563361821184,0.9719228933530968,0.9771368124233158,0.9772676925873537,0.003208225072636285,49,0.99520602837074,0.9951272783400023,0.995291098391022,0.9956038179366259,0.9953012319976731,0.9953058910072127,0.0001617875237368645
