mean_fit_time,std_fit_time,mean_score_time,std_score_time,param_colsample_bytree,param_learning_rate,param_max_depth,param_min_child_samples,param_n_estimators,param_num_leaves,param_reg_alpha,param_reg_lambda,param_subsample,params,split0_test_score,split1_test_score,split2_test_score,split3_test_score,split4_test_score,mean_test_score,std_test_score,rank_test_score,split0_train_score,split1_train_score,split2_train_score,split3_train_score,split4_train_score,mean_train_score,std_train_score
0.6695131778717041,0.013554201507662697,0.005430841445922851,0.0003466403002867368,0.6872700594236812,0.36808608148776095,5,12,288,40,0.0006026889128682511,0.2051110418843398,0.5290418060840998,"{'colsample_bytree': np.float64(0.6872700594236812), 'learning_rate': np.float64(0.36808608148776095), 'max_depth': 5, 'min_child_samples': 12, 'n_estimators': 288, 'num_leaves': 40, 'reg_alpha': np.float64(0.0006026889128682511), 'reg_lambda': np.float64(0.2051110418843398), 'subsample': np.float64(0.5290418060840998)}",0.9708944464222142,0.9755255937427619,0.9702335774226308,0.974519393518271,0.9736036132342722,0.97295532486803,0.0020556264136195757,8,0.999989950249,0.9999966323185424,0.9999919565294111,0.9999959921807446,0.9999909824066754,0.9999931027368747,2.7038714514858818e-06
0.825306749343872,0.01512318289457667,0.00703740119934082,0.0005649080777187209,0.9330880728874675,0.041917115166952006,5,26,408,21,0.40737451960583815,7.535384509295546,0.5003893829205072,"{'colsample_bytree': np.float64(0.9330880728874675), 'learning_rate': np.float64(0.041917115166952006), 'max_depth': 5, 'min_child_samples': 26, 'n_estimators': 408, 'num_leaves': 21, 'reg_alpha': np.float64(0.40737451960583815), 'reg_lambda': np.float64(7.535384509295546), 'subsample': np.float64(0.5003893829205072)}",0.9663928444286224,0.9734428171824612,0.9690505460829903,0.9715671601902828,0.9727234664243589,0.9706353668617431,0.002593099666040871,20,0.9924646632938106,0.9921782119136657,0.993341091803442,0.9927583715829583,0.9924917959383202,0.9926468269064394,0.0003927503421676357
0.5024263381958007,0.0073122447117337334,0.004771232604980469,0.00020398561944225487,0.9961057796456088,0.04640492474558351,4,26,352,108,0.0028585493941961923,1.6738085788752133,0.569746930326021,"{'colsample_bytree': np.float64(0.9961057796456088), 'learning_rate': np.float64(0.04640492474558351), 'max_depth': 4, 'min_child_samples': 26, 'n_estimators': 352, 'num_leaves': 108, 'reg_alpha': np.float64(0.0028585493941961923), 'reg_lambda': np.float64(1.6738085788752133), 'subsample': np.float64(0.569746930326021)}",0.9643369526521893,0.9712317601154524,0.9677454700946069,0.9691235947048658,0.9717382008658934,0.9688351956866015,0.0026711730153193124,26,0.9890309334119646,0.9888557297509664,0.9904852979273675,0.9889507762978906,0.9894504455971379,0.9893546365970654,0.0006007277823962958
0.7786811351776123,0.008453870066511025,0.006064271926879883,0.0005268331754852149,0.6460723242676091,0.009745399020374083,8,48,154,83,0.02156822801926396,5.2466345336252855,0.8401537692938899,"{'colsample_bytree': np.float64(0.6460723242676091), 'learning_rate': np.float64(0.009745399020374083), 'max_depth': 8, 'min_child_samples': 48, 'n_estimators': 154, 'num_leaves': 83, 'reg_alpha': np.float64(0.02156822801926396), 'reg_lambda': np.float64(5.2466345336252855), 'subsample': np.float64(0.8401537692938899)}",0.9533196867212532,0.959588522457997,0.9571338215119284,0.956413579916974,0.9634837065939743,0.9579878634404254,0.0033990007757635572,34,0.9740931616928659,0.973316440375172,0.9744756742627089,0.9742724444279679,0.9735216741195405,0.973935878975651,0.00044377087586875753
0.29264006614685056,0.009018999888556745,0.0038827896118164063,0.00013794369066004333,0.7252496259847715,0.0010859297527739012,3,18,341,28,0.00012017974027309969,0.2895927274708839,0.6205127330130058,"{'colsample_bytree': np.float64(0.7252496259847715), 'learning_rate': np.float64(0.0010859297527739012), 'max_depth': 3, 'min_child_samples': 18, 'n_estimators': 341, 'num_leaves': 28, 'reg_alpha': np.float64(0.00012017974027309969), 'reg_lambda': np.float64(0.2895927274708839), 'subsample': np.float64(0.6205127330130058)}",0.8808828764684941,0.9007589929980223,0.8931850980811376,0.8980642115203021,0.8959395656279509,0.8937661489391815,0.006905262916632824,50,0.9009153012553447,0.9028657410608097,0.9024667960524316,0.9038898223767905,0.8934198120533161,0.9007114945597385,0.0037691855877341773
2.0764426708221437,0.04003886089978595,0.012298870086669921,0.0018710135502141736,0.8416317594127292,0.04429581351182641,9,39,305,100,0.0019674328025306126,2.113705944064573,0.6558555380447055,"{'colsample_bytree': np.float64(0.8416317594127292), 'learning_rate': np.float64(0.04429581351182641), 'max_depth': 9, 'min_child_samples': 39, 'n_estimators': 305, 'num_leaves': 100, 'reg_alpha': np.float64(0.0019674328025306126), 'reg_lambda': np.float64(2.113705944064573), 'subsample': np.float64(0.6558555380447055)}",0.9705856176575294,0.9759514137580844,0.9723314982094179,0.9741764213301976,0.97590998984446,0.9737909881599378,0.0020837790960776,2,0.9999067126991661,0.9999260501683228,0.9999271634514494,0.999949067296963,0.9999392147412935,0.999929641671439,1.4239219303601843e-05
1.5627004623413085,0.015017240175703642,0.009612178802490235,0.000950641800749213,0.7600340105889054,0.029891977384599002,8,33,290,63,4.9830438374949075,6.161049539380966,0.7989499894055425,"{'colsample_bytree': np.float64(0.7600340105889054), 'learning_rate': np.float64(0.029891977384599002), 'max_depth': 8, 'min_child_samples': 33, 'n_estimators': 290, 'num_leaves': 63, 'reg_alpha': np.float64(4.9830438374949075), 'reg_lambda': np.float64(6.161049539380966), 'subsample': np.float64(0.7989499894055425)}",0.9659843360626559,0.9718776168332531,0.9683592566857306,0.9697480713382151,0.9715270725319365,0.9694992706903582,0.0021672475545849996,25,0.992093351441073,0.9917956321672472,0.9924486283850904,0.9920136408354923,0.9921479862767816,0.9920998478211368,0.00021165358683612544
2.0857091903686524,0.012333119723787362,0.01053462028503418,0.0008816639186524195,0.9609371175115584,0.0017331598058558703,9,44,312,101,0.04994139416350944,1.4910847596941086,0.982627653632069,"{'colsample_bytree': np.float64(0.9609371175115584), 'learning_rate': np.float64(0.0017331598058558703), 'max_depth': 9, 'min_child_samples': 44, 'n_estimators': 312, 'num_leaves': 101, 'reg_alpha': np.float64(0.04994139416350944), 'reg_lambda': np.float64(1.4910847596941086), 'subsample': np.float64(0.982627653632069)}",0.9444940370238518,0.9510084273166212,0.9455618508026441,0.9496458923512748,0.9532399736312291,0.9487900362251243,0.0032964369225271283,39,0.9681802334036576,0.9677945560677771,0.9692878583894957,0.9687421826650461,0.966626833396401,0.9681263327844756,0.0009044216149389182
2.6379353523254396,0.013543175157049583,0.009986782073974609,0.0005133317912814154,0.8035171238433423,0.005557935641149723,7,19,400,84,0.00011972422479639345,0.7027534096484143,0.6974407590877849,"{'colsample_bytree': np.float64(0.8035171238433423), 'learning_rate': np.float64(0.005557935641149723), 'max_depth': 7, 'min_child_samples': 19, 'n_estimators': 400, 'num_leaves': 84, 'reg_alpha': np.float64(0.00011972422479639345), 'reg_lambda': np.float64(0.7027534096484143), 'subsample': np.float64(0.6974407590877849)}",0.958807404770381,0.9650894400199548,0.9605172198763519,0.9619541397188519,0.9680519179717426,0.9628840244714564,0.0033062443588939296,32,0.9858173515381743,0.9845943045993845,0.9858123476680782,0.9854531468673159,0.9854312986859586,0.9854216898717822,0.0004460515505897505
1.1817470073699952,0.007512485756403602,0.008321046829223633,0.00047994454695161675,0.6467440873590191,0.0010914428977738067,5,21,491,52,0.10710256549997928,7.121996518301622,0.8255385127509722,"{'colsample_bytree': np.float64(0.6467440873590191), 'learning_rate': np.float64(0.0010914428977738067), 'max_depth': 5, 'min_child_samples': 21, 'n_estimators': 491, 'num_leaves': 52, 'reg_alpha': np.float64(0.10710256549997928), 'reg_lambda': np.float64(7.121996518301622), 'subsample': np.float64(0.8255385127509722)}",0.934001423994304,0.9427811035686924,0.9402426639585226,0.9425254333921287,0.9461484668697775,0.9411398183566849,0.004036381205692067,43,0.9520104902697253,0.9510249775088976,0.9519112065417408,0.9525849376578148,0.9488021407543896,0.9512667505465137,0.0013295747587269678
0.41672258377075194,0.01145987451981993,0.003715038299560547,0.00019521535053567264,0.9574798377718904,0.19689225092826362,6,38,132,67,0.007146464833933034,2.1761183209050428,0.8329611783087483,"{'colsample_bytree': np.float64(0.9574798377718904), 'learning_rate': np.float64(0.19689225092826362), 'max_depth': 6, 'min_child_samples': 38, 'n_estimators': 132, 'num_leaves': 67, 'reg_alpha': np.float64(0.007146464833933034), 'reg_lambda': np.float64(2.1761183209050428), 'subsample': np.float64(0.8329611783087483)}",0.9687184051263795,0.9752458709711903,0.9702059614802145,0.9745648261977302,0.9745363194184616,0.9726542766387952,0.002660600590217364,10,0.9997439679779856,0.9998725569140949,0.9999065677136092,0.9998873914117555,0.9999047586285287,0.9998630485291947,6.0822388623926254e-05
0.8462081909179687,0.008896822891301523,0.005646610260009765,0.0002450604638074312,0.7956488938538635,0.0055139887896497,5,5,326,120,7.2203870221834086,4.9868654247546385,0.8608647605824367,"{'colsample_bytree': np.float64(0.7956488938538635), 'learning_rate': np.float64(0.0055139887896497), 'max_depth': 5, 'min_child_samples': 5, 'n_estimators': 326, 'num_leaves': 120, 'reg_alpha': np.float64(7.2203870221834086), 'reg_lambda': np.float64(4.9868654247546385), 'subsample': np.float64(0.8608647605824367)}",0.9381933072267711,0.9480708927966932,0.9434470041156663,0.9455369073707842,0.9521910132378356,0.9454878249495501,0.0046686683390272715,42,0.9570340295147547,0.9578430016963095,0.9573043118234787,0.9582092996770033,0.9565054198519087,0.9573792125126911,0.0005987353566548926
0.8020096302032471,0.007564098213445999,0.005479574203491211,0.0002805581955423231,0.6179924598744779,0.004910443543158071,5,13,306,34,0.0003584710633004183,0.7562632622090494,0.6008596011676981,"{'colsample_bytree': np.float64(0.6179924598744779), 'learning_rate': np.float64(0.004910443543158071), 'max_depth': 5, 'min_child_samples': 13, 'n_estimators': 306, 'num_leaves': 34, 'reg_alpha': np.float64(0.0003584710633004183), 'reg_lambda': np.float64(0.7562632622090494), 'subsample': np.float64(0.6008596011676981)}",0.945121039515842,0.9528270707502626,0.9500151442264864,0.9502895219769452,0.9570189035580025,0.9510543360055077,0.0038881235024028006,36,0.9637922782724271,0.963874908836028,0.9637030457533761,0.9641546212215588,0.9630194064174762,0.9637088521001733,0.0003764608713726483
2.0679771423339846,0.09502155692282285,0.012167787551879883,0.0005544479004245838,0.9478817978367597,0.019187128023005224,7,36,487,48,0.0013931273790066707,0.14254757044027438,0.6448757264568841,"{'colsample_bytree': np.float64(0.9478817978367597), 'learning_rate': np.float64(0.019187128023005224), 'max_depth': 7, 'min_child_samples': 36, 'n_estimators': 487, 'num_leaves': 48, 'reg_alpha': np.float64(0.0013931273790066707), 'reg_lambda': np.float64(0.14254757044027438), 'subsample': np.float64(0.6448757264568841)}",0.9679458882164471,0.9742953480499582,0.9700963885474014,0.9737924706469256,0.9737292212304238,0.9719718633382313,0.002511070700383198,16,0.9980306107063868,0.9976498871520559,0.9983442418380483,0.9981297400116517,0.9980494722982317,0.9980407904012749,0.00022493517263368323
1.652052640914917,0.012623399528408767,0.009445953369140624,0.0004996835576490102,0.5806106436270022,0.32301751873846973,7,10,383,47,0.0012365229635509147,0.6808005465661973,0.9416401294594341,"{'colsample_bytree': np.float64(0.5806106436270022), 'learning_rate': np.float64(0.32301751873846973), 'max_depth': 7, 'min_child_samples': 10, 'n_estimators': 383, 'num_leaves': 47, 'reg_alpha': np.float64(0.0012365229635509147), 'reg_lambda': np.float64(0.6808005465661973), 'subsample': np.float64(0.9416401294594341)}",0.9725364898540406,0.9760280257273682,0.9717141482708856,0.9749906462130525,0.9749291784702548,0.9740396977071203,0.0016319768034476468,1,0.999989950249,0.9999966323185424,0.9999919565294111,0.9999959921807446,0.9999909824066754,0.9999931027368747,2.7038714514858818e-06
0.2528900146484375,0.002825717428682282,0.0035744667053222655,0.0001137147754280648,0.662172510502637,0.0021355597536277015,3,43,289,148,0.001379354235277248,0.7148510793512985,0.9090073829612466,"{'colsample_bytree': np.float64(0.662172510502637), 'learning_rate': np.float64(0.0021355597536277015), 'max_depth': 3, 'min_child_samples': 43, 'n_estimators': 289, 'num_leaves': 148, 'reg_alpha': np.float64(0.001379354235277248), 'reg_lambda': np.float64(0.7148510793512985), 'subsample': np.float64(0.9090073829612466)}",0.8919615521537914,0.9092771749781745,0.9024827623069112,0.9059173837903326,0.9086941222584497,0.9036665990975319,0.006328193677209262,48,0.9103232879622802,0.9119040971156949,0.9115201535974463,0.9121847279598052,0.9061751421467727,0.9104214817563999,0.0022160914869761568
1.1581314086914063,0.013963347475538498,0.006938838958740234,0.0004650527460231183,0.9303652916281717,0.0010441516804561306,5,13,417,70,0.002223625618854304,0.307787547057142,0.5841455210864652,"{'colsample_bytree': np.float64(0.9303652916281717), 'learning_rate': np.float64(0.0010441516804561306), 'max_depth': 5, 'min_child_samples': 13, 'n_estimators': 417, 'num_leaves': 70, 'reg_alpha': np.float64(0.002223625618854304), 'reg_lambda': np.float64(0.307787547057142), 'subsample': np.float64(0.5841455210864652)}",0.9293681025275898,0.937358579649723,0.9328482726673437,0.9376895255402925,0.9391709872253995,0.9352870935220696,0.003636747619293568,44,0.9485299914635579,0.9475258173140242,0.9481259882475154,0.9486569964667734,0.9449570556600372,0.9475591698303816,0.0013594934079186223
1.5152783870697022,0.007715064343565822,0.00788722038269043,0.0005389153693343709,0.6093821097865351,0.03208489059932442,6,16,394,149,0.3642109088285162,0.197776123332861,0.9988702425244709,"{'colsample_bytree': np.float64(0.6093821097865351), 'learning_rate': np.float64(0.03208489059932442), 'max_depth': 6, 'min_child_samples': 16, 'n_estimators': 394, 'num_leaves': 149, 'reg_alpha': np.float64(0.3642109088285162), 'reg_lambda': np.float64(0.197776123332861), 'subsample': np.float64(0.9988702425244709)}",0.9697783908864366,0.9746980063071249,0.9715555793112051,0.9740793201133144,0.9747679370000178,0.9729758467236198,0.0019817143116548012,7,0.9985751346109862,0.9986211153516066,0.9990235115376767,0.9987840165050903,0.9987628084615306,0.998753317293378,0.00015701202198382003
1.960406494140625,0.015245869205938501,0.010789251327514649,0.0005237489699202891,0.6333905071376424,0.4323689235743781,6,27,584,148,0.0015769192447197536,0.19489008462344254,0.7447263801387816,"{'colsample_bytree': np.float64(0.6333905071376424), 'learning_rate': np.float64(0.4323689235743781), 'max_depth': 6, 'min_child_samples': 27, 'n_estimators': 584, 'num_leaves': 148, 'reg_alpha': np.float64(0.0015769192447197536), 'reg_lambda': np.float64(0.19489008462344254), 'subsample': np.float64(0.7447263801387816)}",0.9697908508365967,0.9753064478771359,0.9708366739715288,0.9734245550269924,0.9734058474530974,0.9725528750330701,0.0019821036862005307,11,0.999989950249,0.9999966323185424,0.9999919565294111,0.9999959921807446,0.9999909824066754,0.9999931027368747,2.7038714514858818e-06
1.2307834148406982,0.018108719422189692,0.0065024375915527345,0.000476395674416027,0.9928252270553004,0.004500905733350049,6,15,283,142,0.001624799180632597,4.039052635327218,0.7351503172230192,"{'colsample_bytree': np.float64(0.9928252270553004), 'learning_rate': np.float64(0.004500905733350049), 'max_depth': 6, 'min_child_samples': 15, 'n_estimators': 283, 'num_leaves': 142, 'reg_alpha': np.float64(0.001624799180632597), 'reg_lambda': np.float64(4.039052635327218), 'subsample': np.float64(0.7351503172230192)}",0.9432569419722321,0.9503411905143692,0.9447302546011724,0.9491559320825983,0.953251554510307,0.9481471747361357,0.0036735734426310866,41,0.9660048102952211,0.9652953467771176,0.965850763728924,0.9661258559894799,0.964493894254357,0.9655541342090199,0.0006015053611362993
2.0539130210876464,0.020401554676805832,0.007510089874267578,0.00047994295041183817,0.9917115704474215,0.011923814393042586,9,20,196,143,0.034753126702410514,2.463914387828115,0.9291794024068599,"{'colsample_bytree': np.float64(0.9917115704474215), 'learning_rate': np.float64(0.011923814393042586), 'max_depth': 9, 'min_child_samples': 20, 'n_estimators': 196, 'num_leaves': 143, 'reg_alpha': np.float64(0.034753126702410514), 'reg_lambda': np.float64(2.463914387828115), 'subsample': np.float64(0.9291794024068599)}",0.959062833748665,0.9635656635843711,0.959537299338999,0.9606887059703886,0.9670372547971564,0.961978351487916,0.002974364712885581,33,0.9908327340600925,0.9895452416553584,0.9905024981516715,0.990250590012225,0.9903118484162602,0.9902885824591217,0.00042341496659433365
0.3720461368560791,0.005880309977292304,0.0038170814514160156,0.00018114233413052787,0.6629794526009424,0.003930284431956289,4,7,246,115,0.0003026096376086027,7.604077403300609,0.6987860105437611,"{'colsample_bytree': np.float64(0.6629794526009424), 'learning_rate': np.float64(0.003930284431956289), 'max_depth': 4, 'min_child_samples': 7, 'n_estimators': 246, 'num_leaves': 115, 'reg_alpha': np.float64(0.0003026096376086027), 'reg_lambda': np.float64(7.604077403300609), 'subsample': np.float64(0.6987860105437611)}",0.9228066037735849,0.9341742833217525,0.9301111764391469,0.9325070821529744,0.9389914835996935,0.9317181258574305,0.005320797057895554,45,0.9410054561517949,0.941763770004167,0.9418514410503782,0.9413117492227334,0.9396680701827042,0.9411200973223556,0.0007883443451967704
1.171505069732666,0.01694009823860655,0.008396148681640625,0.0007157029819915118,0.75887567526374,0.18237044094804145,5,32,540,61,0.0019485346746590901,2.089142634385645,0.9086111001006079,"{'colsample_bytree': np.float64(0.75887567526374), 'learning_rate': np.float64(0.18237044094804145), 'max_depth': 5, 'min_child_samples': 32, 'n_estimators': 540, 'num_leaves': 61, 'reg_alpha': np.float64(0.0019485346746590901), 'reg_lambda': np.float64(2.089142634385645), 'subsample': np.float64(0.9086111001006079)}",0.9721546813812745,0.9759594312897535,0.9711475760329253,0.9749024533646908,0.9745309743973489,0.9737390232931986,0.001796480222570758,4,0.999989950249,0.9999966323185424,0.9999919565294111,0.9999959921807446,0.9999909824066754,0.9999931027368747,2.7038714514858818e-06
0.5898260593414306,0.010451743652994701,0.005442523956298828,0.00033073995897679324,0.7776004057997312,0.026885060849523697,4,5,403,56,2.5892960925550055,0.23845927361089564,0.6394356762960909,"{'colsample_bytree': np.float64(0.7776004057997312), 'learning_rate': np.float64(0.026885060849523697), 'max_depth': 4, 'min_child_samples': 5, 'n_estimators': 403, 'num_leaves': 56, 'reg_alpha': np.float64(2.5892960925550055), 'reg_lambda': np.float64(0.23845927361089564), 'subsample': np.float64(0.6394356762960909)}",0.9616545033819863,0.9679534804995813,0.9660885135496284,0.9664564291695619,0.9700487287758119,0.966440331075314,0.0027690553109448466,29,0.9826506221046417,0.9821431891397896,0.983611275598693,0.9820213959657513,0.9819378440671084,0.9824728653751968,0.0006206986611536313
0.5302251815795899,0.012962135462722017,0.004322242736816406,0.0003434789620119297,0.8501789149863856,0.192802662393026,6,28,153,139,2.7469483513225152,5.033347298469074,0.9678174971104738,"{'colsample_bytree': np.float64(0.8501789149863856), 'learning_rate': np.float64(0.192802662393026), 'max_depth': 6, 'min_child_samples': 28, 'n_estimators': 153, 'num_leaves': 139, 'reg_alpha': np.float64(2.7469483513225152), 'reg_lambda': np.float64(5.033347298469074), 'subsample': np.float64(0.9678174971104738)}",0.9699750800996797,0.9746516827908137,0.9702629750387513,0.9746957792149946,0.9737746539098828,0.9726720342108244,0.00211222395190848,9,0.9993788363045334,0.9994924263905547,0.9994951539342145,0.999510322416813,0.9994833531330737,0.9994720184358379,4.739264882928082e-05
0.936353063583374,0.024995927604145447,0.007250690460205078,0.00045410653893983115,0.8926703255569718,0.063911532697401,8,39,211,118,7.384467505616741,0.36969361462748845,0.6526819301721967,"{'colsample_bytree': np.float64(0.8926703255569718), 'learning_rate': np.float64(0.063911532697401), 'max_depth': 8, 'min_child_samples': 39, 'n_estimators': 211, 'num_leaves': 118, 'reg_alpha': np.float64(7.384467505616741), 'reg_lambda': np.float64(0.36969361462748845), 'subsample': np.float64(0.6526819301721967)}",0.967935208259167,0.9730392680884422,0.969087070393928,0.9713070358294582,0.9717631442977532,0.9706263453737497,0.001854153917568695,21,0.9951540991514559,0.9948164146026676,0.9954026138329215,0.9952486189444494,0.9952323650108027,0.9951708223084594,0.00019465436933207214
2.562105989456177,0.05473954801682464,0.013416242599487305,0.0006496040024008521,0.7428068767931133,0.01622868427106716,7,45,583,87,0.0015354845024150162,0.4475065500006153,0.8732457025590121,"{'colsample_bytree': np.float64(0.7428068767931133), 'learning_rate': np.float64(0.01622868427106716), 'max_depth': 7, 'min_child_samples': 45, 'n_estimators': 583, 'num_leaves': 87, 'reg_alpha': np.float64(0.0015354845024150162), 'reg_lambda': np.float64(0.4475065500006153), 'subsample': np.float64(0.8732457025590121)}",0.9686400854396582,0.9741153990058261,0.9713426693035438,0.9729871541325922,0.9750583498138151,0.9724287315390872,0.0022629602583018305,13,0.9975968846105963,0.9974289004514475,0.9982795600883992,0.9978426242933296,0.9979243949389704,0.9978144728765488,0.00029161351998127497
0.2223219871520996,0.0022762144572333275,0.0035657882690429688,0.00018279395576073498,0.8248164495236073,0.1958973278004598,3,37,275,134,0.15193684044578598,0.31690102012239296,0.7949354237802719,"{'colsample_bytree': np.float64(0.8248164495236073), 'learning_rate': np.float64(0.1958973278004598), 'max_depth': 3, 'min_child_samples': 37, 'n_estimators': 275, 'num_leaves': 134, 'reg_alpha': np.float64(0.15193684044578598), 'reg_lambda': np.float64(0.31690102012239296), 'subsample': np.float64(0.7949354237802719)}",0.9677020291918832,0.9706874587987956,0.9700108682095961,0.9713747394302208,0.9731590856450549,0.9705868362551101,0.001783324660022163,22,0.9950144883446272,0.9949093180795733,0.9952451955988355,0.9950604462639944,0.9949739998292224,0.9950406896232504,0.00011367104910274779
0.8040518283843994,0.011730787325605256,0.00575723648071289,0.0003769732833772423,0.9894464291375045,0.020592186868542875,5,31,325,40,0.03259758793317359,1.424976719890158,0.746258846909432,"{'colsample_bytree': np.float64(0.9894464291375045), 'learning_rate': np.float64(0.020592186868542875), 'max_depth': 5, 'min_child_samples': 31, 'n_estimators': 325, 'num_leaves': 40, 'reg_alpha': np.float64(0.03259758793317359), 'reg_lambda': np.float64(1.424976719890158), 'subsample': np.float64(0.746258846909432)}",0.9614124243503026,0.968522725248098,0.9649090455573968,0.9667682220678104,0.9690866249755019,0.9661398084398218,0.0027792035370069338,30,0.9855032481017942,0.9843394740917306,0.9860412108468064,0.9853729626501303,0.984971401426405,0.9852456594233733,0.0005677762605648865
0.33798604011535643,0.006631061624139272,0.0031590938568115236,0.00010852287846245821,0.5976214938990223,0.08909977116918587,5,8,134,68,0.0001652033534456176,9.752164572338582,0.7349722569954715,"{'colsample_bytree': np.float64(0.5976214938990223), 'learning_rate': np.float64(0.08909977116918587), 'max_depth': 5, 'min_child_samples': 8, 'n_estimators': 134, 'num_leaves': 68, 'reg_alpha': np.float64(0.0001652033534456176), 'reg_lambda': np.float64(9.752164572338582), 'subsample': np.float64(0.7349722569954715)}",0.9638981844072623,0.9703979368218504,0.9675931369928912,0.9682425570581004,0.9707654070233577,0.9681794444606924,0.002461131366825846,27,0.9887907694178449,0.9882875657073618,0.9896980397644696,0.9886855922571604,0.98837679534995,0.9887677524993574,0.0005012267605474026
0.40302562713623047,0.005551554730204084,0.003899812698364258,0.00024300503003649377,0.6397801708983792,0.24239511604997335,6,45,136,43,0.004505588486639849,1.27505798006272,0.7861462345854191,"{'colsample_bytree': np.float64(0.6397801708983792), 'learning_rate': np.float64(0.24239511604997335), 'max_depth': 6, 'min_child_samples': 45, 'n_estimators': 136, 'num_leaves': 43, 'reg_alpha': np.float64(0.004505588486639849), 'reg_lambda': np.float64(1.27505798006272), 'subsample': np.float64(0.7861462345854191)}",0.9684763260946956,0.9738223136814723,0.9694763660983128,0.974146132877225,0.9748815186986655,0.9721605314900742,0.0026414396663670685,15,0.9999616105079527,0.9999750902900447,0.999954550216361,0.9999790146130657,0.9999689394007709,0.999967841005639,8.877750618673513e-06
3.130069446563721,0.060839847771242954,0.011529493331909179,0.0005988815667995331,0.9901657918580229,0.001597192583506142,7,25,515,86,0.000703823451394266,1.2989801809330637,0.9680773870803905,"{'colsample_bytree': np.float64(0.9901657918580229), 'learning_rate': np.float64(0.001597192583506142), 'max_depth': 7, 'min_child_samples': 25, 'n_estimators': 515, 'num_leaves': 86, 'reg_alpha': np.float64(0.000703823451394266), 'reg_lambda': np.float64(1.2989801809330637), 'subsample': np.float64(0.9680773870803905)}",0.9434149163403346,0.9502659148003635,0.9450153223938568,0.9503861777754022,0.9548537245888787,0.9487872111797673,0.0041142323796675,40,0.9696722177668018,0.9684777500904265,0.9699215391450943,0.9704759541420868,0.9684141259597474,0.9693923174208313,0.0008155955268563964
0.673779821395874,0.03620557808961258,0.006914854049682617,0.00038199061355224256,0.8480148983374864,0.03456033939114955,4,36,530,105,0.006212035178865126,0.3223497206159474,0.6476452942094694,"{'colsample_bytree': np.float64(0.8480148983374864), 'learning_rate': np.float64(0.03456033939114955), 'max_depth': 4, 'min_child_samples': 36, 'n_estimators': 530, 'num_leaves': 105, 'reg_alpha': np.float64(0.006212035178865126), 'reg_lambda': np.float64(0.3223497206159474), 'subsample': np.float64(0.6476452942094694)}",0.9659353862584548,0.9714036916279153,0.9690247118142784,0.9703342419869225,0.973249951003973,0.9699895965383089,0.0024542200461008987,24,0.9911018780841043,0.9908862468453731,0.992445316367789,0.9910081513477239,0.9914278590864108,0.9913738903462802,0.0005650518939519432
0.23977465629577638,0.0028013254409981958,0.00412297248840332,0.00019282053021716606,0.6612753821193003,0.19522450039574296,3,47,345,58,0.002937373830257726,4.156447611486068,0.9050566973395904,"{'colsample_bytree': np.float64(0.6612753821193003), 'learning_rate': np.float64(0.19522450039574296), 'max_depth': 3, 'min_child_samples': 47, 'n_estimators': 345, 'num_leaves': 58, 'reg_alpha': np.float64(0.002937373830257726), 'reg_lambda': np.float64(4.156447611486068), 'subsample': np.float64(0.9050566973395904)}",0.9674955500177999,0.9719346303917902,0.9695378338411104,0.9719609100789282,0.9731546314607942,0.9708167111580845,0.002034229310425879,19,0.9949582542808599,0.9947470013997309,0.9952853851197019,0.9946776716930287,0.9947072571921151,0.9948751139370872,0.00022751127833409369
0.5496285438537598,0.006128829123260248,0.005608654022216797,0.00047057011679883413,0.9335361592900518,0.2916143277069729,4,11,412,55,0.9805638874011487,1.994930919631834,0.8509834386288517,"{'colsample_bytree': np.float64(0.9335361592900518), 'learning_rate': np.float64(0.2916143277069729), 'max_depth': 4, 'min_child_samples': 11, 'n_estimators': 412, 'num_leaves': 55, 'reg_alpha': np.float64(0.9805638874011487), 'reg_lambda': np.float64(1.994930919631834), 'subsample': np.float64(0.8509834386288517)}",0.9713937344250623,0.9751273896698559,0.9693872824130988,0.9730833645126231,0.9726067667967289,0.9723197075634739,0.0018976404962737724,14,0.9999837143924238,0.9999933481333192,0.9999871694119672,0.9999944892485239,0.999989869123549,0.9999897180619566,3.9624266198603615e-06
1.61780686378479,0.045276154354371136,0.007825756072998047,0.0005729343132290962,0.8978963347180505,0.2524048648628885,9,19,191,117,0.00029505956594932985,1.4340367528772733,0.517971136898371,"{'colsample_bytree': np.float64(0.8978963347180505), 'learning_rate': np.float64(0.2524048648628885), 'max_depth': 9, 'min_child_samples': 19, 'n_estimators': 191, 'num_leaves': 117, 'reg_alpha': np.float64(0.00029505956594932985), 'reg_lambda': np.float64(1.4340367528772733), 'subsample': np.float64(0.517971136898371)}",0.9723584905660377,0.9759950647638392,0.9706050563899727,0.9753843961016979,0.9743590428848861,0.9737404101412868,0.001995445245293128,3,0.999989950249,0.9999966323185424,0.9999919565294111,0.9999959921807446,0.9999909824066754,0.9999931027368747,2.7038714514858818e-06
1.8508069515228271,0.026411893604680325,0.010759878158569335,0.0007208158296005708,0.7327990090662301,0.029146176605112983,7,26,413,77,0.00014206963009500255,0.1187671616126919,0.9113002803298291,"{'colsample_bytree': np.float64(0.7327990090662301), 'learning_rate': np.float64(0.029146176605112983), 'max_depth': 7, 'min_child_samples': 26, 'n_estimators': 413, 'num_leaves': 77, 'reg_alpha': np.float64(0.00014206963009500255), 'reg_lambda': np.float64(0.1187671616126919), 'subsample': np.float64(0.9113002803298291)}",0.96999822000712,0.9754186933205052,0.9718433196144458,0.9742352165624387,0.9760632137830277,0.9735117326575076,0.0022714910121544715,5,0.9996485927787445,0.999657470614057,0.9997376269991642,0.9997172817500275,0.9996930678420265,0.9996908079968041,3.40337809137003e-05
0.1264944076538086,0.0008222756293212691,0.002864980697631836,0.00012624470661330237,0.6800953207056315,0.0022025841637315848,3,12,152,79,0.001199789722693449,1.761087569433373,0.542673732496884,"{'colsample_bytree': np.float64(0.6800953207056315), 'learning_rate': np.float64(0.0022025841637315848), 'max_depth': 3, 'min_child_samples': 12, 'n_estimators': 152, 'num_leaves': 79, 'reg_alpha': np.float64(0.001199789722693449), 'reg_lambda': np.float64(1.761087569433373), 'subsample': np.float64(0.542673732496884)}",0.8809425062299752,0.9005732535143515,0.893438986583997,0.8984477167851479,0.8954286706932492,0.8937662267613442,0.0068639722651855735,49,0.9003756212750501,0.9025421931521732,0.9022425251666001,0.9040364695966274,0.8931387080638772,0.9004671034508656,0.003844794979090826
2.240681600570679,0.0290774774075488,0.014873218536376954,0.000737152653829958,0.5258408605843039,0.027171287155965677,9,39,410,71,0.0004610277968748378,8.691079733347113,0.857297552089976,"{'colsample_bytree': np.float64(0.5258408605843039), 'learning_rate': np.float64(0.027171287155965677), 'max_depth': 9, 'min_child_samples': 39, 'n_estimators': 410, 'num_leaves': 71, 'reg_alpha': np.float64(0.0004610277968748378), 'reg_lambda': np.float64(8.691079733347113), 'subsample': np.float64(0.857297552089976)}",0.9696733713065147,0.9741679583801022,0.9718985514992785,0.9730005166853741,0.973941240401233,0.9725363276545005,0.001640411386310424,12,0.9982085553279716,0.9980680362943658,0.9985299931277033,0.9981771102086838,0.998263055666049,0.9982493501249546,0.00015408170752881237
0.33441452980041503,0.0025200482882871736,0.003985166549682617,0.00024628193769091704,0.5205337583839379,0.011923552001355184,5,32,157,109,0.00013389171890458435,8.419704106319228,0.9179900602561029,"{'colsample_bytree': np.float64(0.5205337583839379), 'learning_rate': np.float64(0.011923552001355184), 'max_depth': 5, 'min_child_samples': 32, 'n_estimators': 157, 'num_leaves': 109, 'reg_alpha': np.float64(0.00013389171890458435), 'reg_lambda': np.float64(8.419704106319228), 'subsample': np.float64(0.9179900602561029)}",0.9445879316482734,0.9524547009460688,0.9505434104798047,0.9503839506832719,0.9572113243180643,0.9510362636150965,0.004059377801475956,37,0.9622210651243909,0.9617207338183462,0.9619784588621288,0.9627477653346124,0.9609358413820921,0.961920772904314,0.0005979172695816216
0.496256160736084,0.009032578227973306,0.005341625213623047,0.0001742293158616392,0.847987103046849,0.012698479732927759,4,5,338,53,0.0015810179321196567,0.15408011011812675,0.5914329985536537,"{'colsample_bytree': np.float64(0.847987103046849), 'learning_rate': np.float64(0.012698479732927759), 'max_depth': 4, 'min_child_samples': 5, 'n_estimators': 338, 'num_leaves': 53, 'reg_alpha': np.float64(0.0015810179321196567), 'reg_lambda': np.float64(0.15408011011812675), 'subsample': np.float64(0.5914329985536537)}",0.9516144535421858,0.9577177650685053,0.9551463644948064,0.9551401286368415,0.9629532132485257,0.956514384998173,0.003759681415994638,35,0.9695079419201226,0.9691595246770894,0.970071220061451,0.9694498689164784,0.9689092029660981,0.9694195517082479,0.00039024953575463766
1.1510701656341553,0.04544371892784682,0.008122491836547851,0.0007034997003231884,0.9673069986698548,0.052804773904533454,7,43,291,88,0.11444682032324735,0.6905579427485704,0.6238654947505787,"{'colsample_bytree': np.float64(0.9673069986698548), 'learning_rate': np.float64(0.052804773904533454), 'max_depth': 7, 'min_child_samples': 43, 'n_estimators': 291, 'num_leaves': 88, 'reg_alpha': np.float64(0.11444682032324735), 'reg_lambda': np.float64(0.6905579427485704), 'subsample': np.float64(0.6238654947505787)}",0.9699163403346385,0.9753198104299179,0.9710086054839918,0.9744249648119443,0.9753282733800133,0.973199598888101,0.0022850957331202837,6,0.9997042143923124,0.9996013054803254,0.9997716377986786,0.9997605884636481,0.999790591443907,0.9997256675157743,6.851862275636908e-05
0.4201557159423828,0.003464389120296831,0.006025505065917969,0.00035435050329797596,0.6779863393256308,0.11102068945716949,3,33,561,88,0.0002956548048432866,0.4195914391541159,0.9897552643107543,"{'colsample_bytree': np.float64(0.6779863393256308), 'learning_rate': np.float64(0.11102068945716949), 'max_depth': 3, 'min_child_samples': 33, 'n_estimators': 561, 'num_leaves': 88, 'reg_alpha': np.float64(0.0002956548048432866), 'reg_lambda': np.float64(0.4195914391541159), 'subsample': np.float64(0.9897552643107543)}",0.968071377714489,0.9714999020079462,0.9696803677374526,0.9730468402016854,0.9732250075721132,0.9711046990467371,0.001982602525588736,17,0.9959998650382469,0.9961616502685627,0.9966877322099861,0.9962516870414178,0.9964258045224009,0.9963053478161228,0.00023561656743661523
0.2001661777496338,0.002887452570402879,0.003099536895751953,0.0001352980041582636,0.5876651349446693,0.0011125442643221178,4,25,138,119,0.0007345296810407679,0.7374002805073999,0.6992523671986868,"{'colsample_bytree': np.float64(0.5876651349446693), 'learning_rate': np.float64(0.0011125442643221178), 'max_depth': 4, 'min_child_samples': 25, 'n_estimators': 138, 'num_leaves': 119, 'reg_alpha': np.float64(0.0007345296810407679), 'reg_lambda': np.float64(0.7374002805073999), 'subsample': np.float64(0.6992523671986868)}",0.9100485048059808,0.9245821975163467,0.917354838134944,0.9240334420154293,0.9237737630730307,0.9199585491091463,0.005612967545054685,47,0.9277863310469268,0.9306939227321394,0.9290561719247585,0.9298701210506142,0.9249038206874945,0.9284620734883866,0.0020216079134530796
0.6621296405792236,0.008271038487714136,0.007232236862182617,0.0007033758539410661,0.8079250490261083,0.05177244955678205,4,35,493,115,1.9162369310763672,2.076764556616243,0.5814672135407148,"{'colsample_bytree': np.float64(0.8079250490261083), 'learning_rate': np.float64(0.05177244955678205), 'max_depth': 4, 'min_child_samples': 35, 'n_estimators': 493, 'num_leaves': 115, 'reg_alpha': np.float64(1.9162369310763672), 'reg_lambda': np.float64(2.076764556616243), 'subsample': np.float64(0.5814672135407148)}",0.9673967604129583,0.9732922657544497,0.9696091007892813,0.9720491029272899,0.9729782457640709,0.97106509512961,0.0022434484527460415,18,0.9925350115508108,0.9926276443118301,0.9934491359308677,0.9927697827350048,0.9925598732015051,0.9927882895460037,0.00034035014528772776
0.36727213859558105,0.0050184692542010875,0.0054799079895019535,0.00035489063513058377,0.5352843737002149,0.054183912601869395,3,32,483,103,0.07539992074650277,0.5975026728899028,0.8216441092211766,"{'colsample_bytree': np.float64(0.5352843737002149), 'learning_rate': np.float64(0.054183912601869395), 'max_depth': 3, 'min_child_samples': 32, 'n_estimators': 483, 'num_leaves': 103, 'reg_alpha': np.float64(0.07539992074650277), 'reg_lambda': np.float64(0.5975026728899028), 'subsample': np.float64(0.8216441092211766)}",0.9632564969740122,0.9684576941578918,0.9680278653767349,0.968207814420867,0.9702790101020898,0.9676457762063191,0.0023375535406849695,28,0.9852704891873587,0.9845690887365696,0.9858068647486802,0.9843621572354331,0.9845515823594054,0.9849120364534893,0.0005438958512849816
1.7842908382415772,0.02344351352656006,0.011648845672607423,0.0005109270298598144,0.7291264452457583,0.029689531755049983,7,16,422,84,6.396653397497477,6.466976516701955,0.5978955673946482,"{'colsample_bytree': np.float64(0.7291264452457583), 'learning_rate': np.float64(0.029689531755049983), 'max_depth': 7, 'min_child_samples': 16, 'n_estimators': 422, 'num_leaves': 84, 'reg_alpha': np.float64(6.396653397497477), 'reg_lambda': np.float64(6.466976516701955), 'subsample': np.float64(0.5978955673946482)}",0.9663964044143822,0.9728334847755982,0.9694398417873751,0.9705097368467939,0.9717809610347962,0.9701920857717893,0.002217001735823591,23,0.9931524448677899,0.9928613781042368,0.9936032699797305,0.9931349952646501,0.9932319065608113,0.9931967989554437,0.00023864004955206512
0.4429909706115723,0.003291668530748919,0.005009794235229492,0.00018142445131759583,0.5346806504375827,0.0018706683688447581,4,39,314,100,0.18993857564974082,0.5899201652681348,0.8408068344863948,"{'colsample_bytree': np.float64(0.5346806504375827), 'learning_rate': np.float64(0.0018706683688447581), 'max_depth': 4, 'min_child_samples': 39, 'n_estimators': 314, 'num_leaves': 100, 'reg_alpha': np.float64(0.18993857564974082), 'reg_lambda': np.float64(0.5899201652681348), 'subsample': np.float64(0.8408068344863948)}",0.9236018155927377,0.9343742761950575,0.9309503447538618,0.932522671797887,0.9364557165000802,0.9315809649679249,0.004393565942862544,46,0.9402565130738074,0.9409780704376461,0.940755803461442,0.9408692191799535,0.9369473453819513,0.93996139030696,0.001527118087658503
4.5031819343566895,0.018200310167919016,0.015881967544555665,0.0008446239936476301,0.67031228473212,0.005053668051158567,9,8,413,133,0.13954498518315703,5.68779620396895,0.8675355219019429,"{'colsample_bytree': np.float64(0.67031228473212), 'learning_rate': np.float64(0.005053668051158567), 'max_depth': 9, 'min_child_samples': 8, 'n_estimators': 413, 'num_leaves': 133, 'reg_alpha': np.float64(0.13954498518315703), 'reg_lambda': np.float64(5.68779620396895), 'subsample': np.float64(0.8675355219019429)}",0.9596315414738341,0.9655428759776934,0.9624271740873377,0.9632779232811304,0.9681018048354626,0.9637962639310917,0.0028662286474112103,31,0.9882183511905254,0.9874952699383164,0.9886906576953859,0.9880739545074663,0.9883778251368419,0.9881712116937071,0.0003952446363103634
0.8435805797576904,0.008103997700503856,0.007666826248168945,0.0004672696385661458,0.9017404651924243,0.005770359241092951,4,41,556,118,0.011563475499641613,0.5546719086332956,0.8882064803709984,"{'colsample_bytree': np.float64(0.9017404651924243), 'learning_rate': np.float64(0.005770359241092951), 'max_depth': 4, 'min_child_samples': 41, 'n_estimators': 556, 'num_leaves': 118, 'reg_alpha': np.float64(0.011563475499641613), 'reg_lambda': np.float64(0.5546719086332956), 'subsample': np.float64(0.8882064803709984)}",0.9444517621929512,0.9517518306697311,0.9494458994779696,0.9486040586526984,0.9578108575195539,0.9504128817025809,0.004387816581894399,38,0.9620517783215347,0.9623245785861549,0.9623019232745308,0.9623662988713203,0.9603515625652314,0.9618792283237545,0.0007717229771668066
